Poland,2020-01-22,0,0,0,0,0.0,0.0,2020-03-04,0,37846,2020-03-08,0.0
Poland,2020-01-23,0,0,0,0,0.0,0.0,2020-03-04,0,37846,2020-03-08,0.0
Poland,2020-01-24,0,0,0,0,0.0,0.0,2020-03-04,0,37846,2020-03-08,0.0
Poland,2020-01-25,0,0,0,0,0.0,0.0,2020-03-04,0,37846,2020-03-08,0.0
Poland,2020-01-26,0,0,0,0,0.0,0.0,2020-03-04,0,37846,2020-03-08,0.0
Poland,2020-01-27,0,0,0,0,0.0,0.0,2020-03-04,0,37846,2020-03-08,0.0
Poland,2020-01-28,0,0,0,0,0.0,0.0,2020-03-04,0,37846,2020-03-08,0.0
Poland,2020-01-29,0,0,0,0,0.0,0.0,2020-03-04,0,37846,2020-03-08,0.0
Poland,2020-01-30,0,0,0,0,0.0,0.0,2020-03-04,0,37846,2020-03-08,0.0
Poland,2020-01-31,0,0,0,0,0.0,0.0,2020-03-04,0,37846,2020-03-08,0.0
Poland,2020-02-01,0,0,0,0,0.0,0.0,2020-03-04,0,37846,2020-03-08,0.0
Poland,2020-02-02,0,0,0,0,0.0,0.0,2020-03-04,0,37846,2020-03-08,0.0
Poland,2020-02-03,0,0,0,0,0.0,0.0,2020-03-04,0,37846,2020-03-08,0.0
Poland,2020-02-04,0,0,0,0,0.0,0.0,2020-03-04,0,37846,2020-03-08,0.0
Poland,2020-02-05,0,0,0,0,0.0,0.0,2020-03-04,0,37846,2020-03-08,0.0
Poland,2020-02-06,0,0,0,0,0.0,0.0,2020-03-04,0,37846,2020-03-08,0.0
Poland,2020-02-07,0,0,0,0,0.0,0.0,2020-03-04,0,37846,2020-03-08,0.0
Poland,2020-02-08,0,0,0,0,0.0,0.0,2020-03-04,0,37846,2020-03-08,0.0
Poland,2020-02-09,0,0,0,0,0.0,0.0,2020-03-04,0,37846,2020-03-08,0.0
Poland,2020-02-10,0,0,0,0,0.0,0.0,2020-03-04,0,37846,2020-03-08,0.0
Poland,2020-02-11,0,0,0,0,0.0,0.0,2020-03-04,0,37846,2020-03-08,0.0
Poland,2020-02-12,0,0,0,0,0.0,0.0,2020-03-04,0,37846,2020-03-08,0.0
Poland,2020-02-13,0,0,0,0,0.0,0.0,2020-03-04,0,37846,2020-03-08,0.0
Poland,2020-02-14,0,0,0,0,0.0,0.0,2020-03-04,0,37846,2020-03-08,0.0
Poland,2020-02-15,0,0,0,0,0.0,0.0,2020-03-04,0,37846,2020-03-08,0.0
Poland,2020-02-16,0,0,0,0,0.0,0.0,2020-03-04,0,37846,2020-03-08,0.0
Poland,2020-02-17,0,0,0,0,0.0,0.0,2020-03-04,0,37846,2020-03-08,0.0
Poland,2020-02-18,0,0,0,0,0.0,0.0,2020-03-04,0,37846,2020-03-08,0.0
Poland,2020-02-19,0,0,0,0,0.0,0.0,2020-03-04,0,37846,2020-03-08,0.0
Poland,2020-02-20,0,0,0,0,0.0,0.0,2020-03-04,0,37846,2020-03-08,0.0
Poland,2020-02-21,0,0,0,0,0.0,0.0,2020-03-04,0,37846,2020-03-08,0.0
Poland,2020-02-22,0,0,0,0,0.0,0.0,2020-03-04,0,37846,2020-03-08,0.0
Poland,2020-02-23,0,0,0,0,0.0,0.0,2020-03-04,0,37846,2020-03-08,0.0
Poland,2020-02-24,0,0,0,0,0.0,0.0,2020-03-04,0,37846,2020-03-08,0.0
Poland,2020-02-25,0,0,0,0,0.0,0.0,2020-03-04,0,37846,2020-03-08,0.0
Poland,2020-02-26,0,0,0,0,0.0,0.0,2020-03-04,0,37846,2020-03-08,0.0
Poland,2020-02-27,0,0,0,0,0.0,0.0,2020-03-04,0,37846,2020-03-08,0.0
Poland,2020-02-28,0,0,0,0,0.0,0.0,2020-03-04,0,37846,2020-03-08,0.0
Poland,2020-02-29,0,0,0,0,0.0,0.0,2020-03-04,0,37846,2020-03-08,0.0
Poland,2020-03-01,0,0,0,0,0.0,0.0,2020-03-04,0,37846,2020-03-08,0.0
Poland,2020-03-02,0,0,0,0,0.0,0.0,2020-03-04,0,37846,2020-03-08,0.0
Poland,2020-03-03,0,0,0,0,0.0,0.0,2020-03-04,0,37846,2020-03-08,0.0
Poland,2020-03-04,1,0,0,1,0.0,1.0,2020-03-04,0,37846,2020-03-08,2.6422871637689582e-05
Poland,2020-03-05,1,0,0,1,0.0,0.0,2020-03-04,1,37846,2020-03-08,2.6422871637689582e-05
Poland,2020-03-06,5,0,0,5,0.0,4.0,2020-03-04,2,37846,2020-03-08,0.0001321143581884479
Poland,2020-03-07,5,0,0,5,0.0,0.0,2020-03-04,3,37846,2020-03-08,0.0001321143581884479
Poland,2020-03-08,11,0,0,11,0.0,6.0,2020-03-04,4,37846,2020-03-08,0.00029065158801458543
Poland,2020-03-09,16,0,0,16,0.0,5.0,2020-03-04,5,37846,2020-03-08,0.0004227659462030333
Poland,2020-03-10,22,0,0,22,0.0,6.0,2020-03-04,6,37846,2020-03-08,0.0005813031760291709
Poland,2020-03-11,31,0,0,31,0.0,9.0,2020-03-04,7,37846,2020-03-08,0.0008191090207683771
Poland,2020-03-12,49,0,1,48,2.0408163265306123,18.0,2020-03-04,8,37846,2020-03-08,0.0012947207102467896
Poland,2020-03-13,68,0,2,66,2.941176470588235,19.0,2020-03-04,9,37846,2020-03-08,0.0017967552713628917
Poland,2020-03-14,103,0,3,100,2.912621359223301,35.0,2020-03-04,10,37846,2020-03-08,0.0027215557786820273
Poland,2020-03-15,119,0,3,116,2.5210084033613445,16.0,2020-03-04,11,37846,2020-03-08,0.0031443217248850607
Poland,2020-03-16,177,13,4,160,2.2598870056497176,58.0,2020-03-04,12,37846,2020-03-08,0.004676848279871056
Poland,2020-03-17,238,13,5,220,2.100840336134454,61.0,2020-03-04,13,37846,2020-03-08,0.006288643449770121
Poland,2020-03-18,251,13,5,233,1.9920318725099602,13.0,2020-03-04,14,37846,2020-03-08,0.0066321407810600854
Poland,2020-03-19,355,1,5,349,1.4084507042253522,104.0,2020-03-04,15,37846,2020-03-08,0.009380119431379803
Poland,2020-03-20,425,1,5,419,1.1764705882352942,70.0,2020-03-04,16,37846,2020-03-08,0.011229720446018073
Poland,2020-03-21,536,1,5,530,0.9328358208955223,111.0,2020-03-04,17,37846,2020-03-08,0.014162659197801616
Poland,2020-03-22,634,1,7,626,1.1041009463722398,98.0,2020-03-04,18,37846,2020-03-08,0.016752100618295195
Poland,2020-03-23,749,1,8,740,1.0680907877169559,115.0,2020-03-04,19,37846,2020-03-08,0.0197907308566295
Poland,2020-03-24,901,1,10,890,1.1098779134295227,152.0,2020-03-04,20,37846,2020-03-08,0.023807007345558316
Poland,2020-03-25,1051,7,14,1030,1.3320647002854424,150.0,2020-03-04,21,37846,2020-03-08,0.02777043809121175
Poland,2020-03-26,1221,7,16,1198,1.3104013104013106,170.0,2020-03-04,22,37846,2020-03-08,0.03226232626961898
Poland,2020-03-27,1389,7,16,1366,1.1519078473722102,168.0,2020-03-04,23,37846,2020-03-08,0.03670136870475083
Poland,2020-03-28,1638,7,18,1613,1.098901098901099,249.0,2020-03-04,24,37846,2020-03-08,0.04328066374253554
Poland,2020-03-29,1862,7,22,1833,1.1815252416756177,224.0,2020-03-04,25,37846,2020-03-08,0.04919938698937801
Poland,2020-03-30,2055,7,31,2017,1.508515815085158,193.0,2020-03-04,26,37846,2020-03-08,0.05429900121545209
Poland,2020-03-31,2311,7,33,2271,1.4279532669839896,256.0,2020-03-04,27,37846,2020-03-08,0.061063256354700626
Poland,2020-04-01,2554,47,43,2464,1.6836335160532498,243.0,2020-03-04,28,37846,2020-03-08,0.0674840141626592
Poland,2020-04-02,2946,56,57,2833,1.9348268839103868,392.0,2020-03-04,29,37846,2020-03-08,0.07784177984463352
Poland,2020-04-03,3383,56,71,3256,2.0987289388117056,437.0,2020-03-04,30,37846,2020-03-08,0.08938857475030386
Poland,2020-04-04,3627,116,79,3432,2.178108629721533,244.0,2020-03-04,31,37846,2020-03-08,0.09583575542990012
Poland,2020-04-05,4102,134,94,3874,2.2915650901999025,475.0,2020-03-04,32,37846,2020-03-08,0.10838661945780267
Poland,2020-04-06,4413,162,107,4144,2.4246544300929074,311.0,2020-03-04,33,37846,2020-03-08,0.11660413253712414
Poland,2020-04-07,4848,191,129,4528,2.660891089108911,435.0,2020-03-04,34,37846,2020-03-08,0.1280980816995191
Poland,2020-04-08,5205,222,159,4824,3.054755043227666,357.0,2020-03-04,35,37846,2020-03-08,0.13753104687417428
Poland,2020-04-09,5575,284,174,5117,3.1210762331838566,370.0,2020-03-04,36,37846,2020-03-08,0.14730750938011944
Poland,2020-04-10,5955,318,181,5456,3.0394626364399664,380.0,2020-03-04,37,37846,2020-03-08,0.15734820060244148
Poland,2020-04-11,6356,375,208,5773,3.2724984266834483,401.0,2020-03-04,38,37846,2020-03-08,0.16794377212915498
Poland,2020-04-12,6674,439,232,6003,3.4761762061732093,318.0,2020-03-04,39,37846,2020-03-08,0.17634624530994028
Poland,2020-04-13,6934,487,245,6202,3.533314104413037,260.0,2020-03-04,40,37846,2020-03-08,0.18321619193573957
Poland,2020-04-14,7202,618,263,6321,3.6517633990558176,268.0,2020-03-04,41,37846,2020-03-08,0.19029752153464038
Poland,2020-04-15,7582,668,286,6628,3.772091796359799,380.0,2020-03-04,42,37846,2020-03-08,0.20033821275696242
Poland,2020-04-16,7918,774,314,6830,3.965647890881536,336.0,2020-03-04,43,37846,2020-03-08,0.20921629762722613
Poland,2020-04-17,8379,866,332,7181,3.9622866690535865,461.0,2020-03-04,44,37846,2020-03-08,0.22139724145220102
Poland,2020-04-18,8742,981,347,7414,3.969343399679707,363.0,2020-03-04,45,37846,2020-03-08,0.23098874385668233
Poland,2020-04-19,9287,1040,360,7887,3.876386346505868,545.0,2020-03-04,46,37846,2020-03-08,0.24538920889922317
Poland,2020-04-20,9593,1133,380,8080,3.9612217241738765,306.0,2020-03-04,47,37846,2020-03-08,0.2534746076203562
Poland,2020-04-21,9856,1297,401,8158,4.068587662337662,263.0,2020-03-04,48,37846,2020-03-08,0.2604238228610685
Poland,2020-04-22,10169,1513,426,8230,4.189202478119776,313.0,2020-03-04,49,37846,2020-03-08,0.2686941816836654
Poland,2020-04-23,10511,1740,454,8317,4.3192845590333935,342.0,2020-03-04,50,37846,2020-03-08,0.2777308037837552
Poland,2020-04-24,10892,1944,494,8454,4.535438854204921,381.0,2020-03-04,51,37846,2020-03-08,0.28779791787771497
Poland,2020-04-25,11273,2126,524,8623,4.648274638516811,381.0,2020-03-04,52,37846,2020-03-08,0.2978650319716747
Poland,2020-04-26,11617,2265,535,8817,4.605319789962985,344.0,2020-03-04,53,37846,2020-03-08,0.3069544998150399
Poland,2020-04-27,11902,2466,562,8874,4.721895479751302,285.0,2020-03-04,54,37846,2020-03-08,0.31448501823178143
Poland,2020-04-28,12218,2655,596,8967,4.878048780487805,316.0,2020-03-04,55,37846,2020-03-08,0.3228346456692913
Poland,2020-04-29,12640,3025,624,8991,4.936708860759493,422.0,2020-03-04,56,37846,2020-03-08,0.33398509750039634
Poland,2020-04-30,12877,3236,644,8997,5.001164867593384,237.0,2020-03-04,57,37846,2020-03-08,0.34024731807852876
Poland,2020-05-01,13105,3491,651,8963,4.967569629912248,228.0,2020-03-04,58,37846,2020-03-08,0.346271732811922
Poland,2020-05-02,13375,3762,664,8949,4.964485981308411,270.0,2020-03-04,59,37846,2020-03-08,0.35340590815409817
Poland,2020-05-03,13693,3945,678,9070,4.951435039801359,318.0,2020-03-04,60,37846,2020-03-08,0.36180838133488347
Poland,2020-05-04,14006,4095,698,9213,4.983578466371555,313.0,2020-03-04,61,37846,2020-03-08,0.3700787401574803
Poland,2020-05-05,14431,4280,716,9435,4.961541126741044,425.0,2020-03-04,62,37846,2020-03-08,0.3813084606034984
Poland,2020-05-06,14740,4655,733,9352,4.9728629579375845,309.0,2020-03-04,63,37846,2020-03-08,0.3894731279395445
Poland,2020-05-07,15047,4862,755,9430,5.017611484016748,307.0,2020-03-04,64,37846,2020-03-08,0.39758494953231516
Poland,2020-05-08,15366,5184,776,9406,5.0501106338669794,319.0,2020-03-04,65,37846,2020-03-08,0.40601384558473813
Poland,2020-05-09,15651,5437,785,9429,5.015653951824165,285.0,2020-03-04,66,37846,2020-03-08,0.4135443640014797
Poland,2020-05-10,15996,5698,800,9498,5.0012503125781445,345.0,2020-03-04,67,37846,2020-03-08,0.4226602547164826
Poland,2020-05-11,16326,5816,811,9699,4.96753644493446,330.0,2020-03-04,68,37846,2020-03-08,0.43137980235692014
Poland,2020-05-12,16921,6131,839,9951,4.958335795756752,595.0,2020-03-04,69,37846,2020-03-08,0.4471014109813454
Poland,2020-05-13,17204,6410,861,9933,5.0046500813764245,283.0,2020-03-04,70,37846,2020-03-08,0.4545790836548116
Poland,2020-05-14,17615,6696,883,10036,5.012773204655123,411.0,2020-03-04,71,37846,2020-03-08,0.465438883897902
Poland,2020-05-15,18016,6918,907,10191,5.034413854351687,401.0,2020-03-04,72,37846,2020-03-08,0.47603445542461553
Poland,2020-05-16,18257,7175,915,10167,5.011776304978912,241.0,2020-03-04,73,37846,2020-03-08,0.4824023674892987
Poland,2020-05-17,18529,7451,925,10153,4.992174429273032,272.0,2020-03-04,74,37846,2020-03-08,0.4895893885747503
Poland,2020-05-18,18885,7628,936,10321,4.956314535345512,356.0,2020-03-04,75,37846,2020-03-08,0.4989959308777678
Poland,2020-05-19,19268,7903,948,10417,4.920074735312435,383.0,2020-03-04,76,37846,2020-03-08,0.509115890715003
Poland,2020-05-20,19739,8183,962,10594,4.8736004863468265,471.0,2020-03-04,77,37846,2020-03-08,0.5215610632563547
Poland,2020-05-21,20143,8452,972,10719,4.825497691505734,404.0,2020-03-04,78,37846,2020-03-08,0.5322359033979813
Poland,2020-05-22,20619,8731,982,10906,4.762597604151511,476.0,2020-03-04,79,37846,2020-03-08,0.5448131902975215
Poland,2020-05-23,20931,8977,993,10961,4.744159380822703,312.0,2020-03-04,80,37846,2020-03-08,0.5530571262484807
Poland,2020-05-24,21326,9194,996,11136,4.670355434680672,395.0,2020-03-04,81,37846,2020-03-08,0.563494160545368
Poland,2020-05-25,21631,9276,1007,11348,4.655355739448015,305.0,2020-03-04,82,37846,2020-03-08,0.5715531363948634
Poland,2020-05-26,22074,10020,1024,11030,4.638941741415239,443.0,2020-03-04,83,37846,2020-03-08,0.5832584685303599
Poland,2020-05-27,22473,10330,1028,11115,4.5743781426600805,399.0,2020-03-04,84,37846,2020-03-08,0.5938011943137981
Poland,2020-05-28,22825,10560,1038,11227,4.547645125958379,352.0,2020-03-04,85,37846,2020-03-08,0.6031020451302648
Poland,2020-05-29,23155,10692,1051,11412,4.538976462966962,330.0,2020-03-04,86,37846,2020-03-08,0.6118215927707024
Poland,2020-05-30,23571,11016,1061,11494,4.5012939629205375,416.0,2020-03-04,87,37846,2020-03-08,0.6228135073719812
Poland,2020-05-31,23786,11271,1064,11451,4.473219540906415,215.0,2020-03-04,88,37846,2020-03-08,0.6284944247740845
Poland,2020-06-01,24165,11449,1074,11642,4.444444444444445,379.0,2020-03-04,89,37846,2020-03-08,0.6385086931247688
Poland,2020-06-02,24395,11726,1092,11577,4.476327116212339,230.0,2020-03-04,90,37846,2020-03-08,0.6445859536014374
Poland,2020-06-03,24687,12014,1115,11558,4.516547170575606,292.0,2020-03-04,91,37846,2020-03-08,0.6523014321196428
Poland,2020-06-04,25048,12227,1117,11704,4.459437879271798,361.0,2020-03-04,92,37846,2020-03-08,0.6618400887808487
Poland,2020-06-05,25410,12410,1137,11863,4.47461629279811,362.0,2020-03-04,93,37846,2020-03-08,0.6714051683136923
Poland,2020-06-06,25986,12641,1153,12192,4.437004540906642,576.0,2020-03-04,94,37846,2020-03-08,0.6866247423770016
Poland,2020-06-07,26561,12855,1157,12549,4.3560106923685105,575.0,2020-03-04,95,37846,2020-03-08,0.7018178935686731
Poland,2020-06-08,27160,12998,1166,12996,4.293078055964654,599.0,2020-03-04,96,37846,2020-03-08,0.7176451936796491
Poland,2020-06-09,27560,13196,1183,13181,4.292452830188679,400.0,2020-03-04,97,37846,2020-03-08,0.7282143423347249
Poland,2020-06-10,27842,13411,1206,13225,4.331585374613893,282.0,2020-03-04,98,37846,2020-03-08,0.7356655921365534
Poland,2020-06-11,28201,13696,1215,13290,4.308357859650367,359.0,2020-03-04,99,37846,2020-03-08,0.7451514030544839
Poland,2020-06-12,28577,13805,1222,13550,4.276166147601218,376.0,2020-03-04,100,37846,2020-03-08,0.7550864027902553
Poland,2020-06-13,29017,14104,1237,13676,4.263018230692353,440.0,2020-03-04,101,37846,2020-03-08,0.7667124663108387
Poland,2020-06-14,29392,14226,1247,13919,4.242651061513337,375.0,2020-03-04,102,37846,2020-03-08,0.7766210431749723
Poland,2020-06-15,29788,14383,1256,14149,4.216463005237008,396.0,2020-03-04,103,37846,2020-03-08,0.7870845003434973
Poland,2020-06-16,30195,14654,1272,14269,4.212617983109786,407.0,2020-03-04,104,37846,2020-03-08,0.797838609100037
Poland,2020-06-17,30701,14921,1286,14494,4.188788638806554,506.0,2020-03-04,105,37846,2020-03-08,0.811208582148708
Poland,2020-06-18,31015,15317,1316,14382,4.243108173464453,314.0,2020-03-04,106,37846,2020-03-08,0.8195053638429425
Poland,2020-06-19,31316,15698,1334,14284,4.259803295440031,301.0,2020-03-04,107,37846,2020-03-08,0.827458648205887
Poland,2020-06-20,31620,16181,1346,14093,4.256799493991145,304.0,2020-03-04,108,37846,2020-03-08,0.8354912011837446
Poland,2020-06-21,31931,16683,1356,13892,4.246656853841095,311.0,2020-03-04,109,37846,2020-03-08,0.8437087142630662
Poland,2020-06-22,32227,17076,1359,13792,4.216960933378844,296.0,2020-03-04,110,37846,2020-03-08,0.8515298842678223
Poland,2020-06-23,32527,17573,1375,13579,4.227257355427798,300.0,2020-03-04,111,37846,2020-03-08,0.8594567457591291
Poland,2020-06-24,32821,18134,1396,13291,4.2533743639742845,294.0,2020-03-04,112,37846,2020-03-08,0.8672250700206099
Poland,2020-06-25,33119,18654,1412,13053,4.26341375041517,298.0,2020-03-04,113,37846,2020-03-08,0.8750990857686414
Poland,2020-06-26,33395,19218,1429,12748,4.279083695163947,276.0,2020-03-04,114,37846,2020-03-08,0.8823917983406436
Poland,2020-06-27,33714,19972,1435,12307,4.256392003322062,319.0,2020-03-04,115,37846,2020-03-08,0.8908206943930667
Poland,2020-06-28,33907,20548,1438,11921,4.2410121803757335,193.0,2020-03-04,116,37846,2020-03-08,0.8959203086191407
Poland,2020-06-29,34154,20897,1444,11813,4.227908883293319,247.0,2020-03-04,117,37846,2020-03-08,0.90244675791365
Poland,2020-06-30,34393,21281,1463,11649,4.253772569999709,239.0,2020-03-04,118,37846,2020-03-08,0.9087618242350579
Poland,2020-07-01,34775,21791,1477,11507,4.247304097771387,382.0,2020-03-04,119,37846,2020-03-08,0.9188553612006553
Poland,2020-07-02,35146,22209,1492,11445,4.245148807830194,371.0,2020-03-04,120,37846,2020-03-08,0.9286582465782381
Poland,2020-07-03,35405,22651,1507,11247,4.25646095184296,259.0,2020-03-04,121,37846,2020-03-08,0.9355017703323997
Poland,2020-07-04,35719,23127,1512,11080,4.233041238556511,314.0,2020-03-04,122,37846,2020-03-08,0.9437985520266342
Poland,2020-07-05,35950,23746,1517,10687,4.219749652294854,231.0,2020-03-04,123,37846,2020-03-08,0.9499022353749406
Poland,2020-07-06,36155,23966,1521,10668,4.206887014244226,205.0,2020-03-04,124,37846,2020-03-08,0.9553189240606669
Poland,2020-07-07,36412,24238,1528,10646,4.196418763045149,257.0,2020-03-04,125,37846,2020-03-08,0.9621096020715532
Poland,2020-07-08,36689,24878,1542,10269,4.202894600561477,277.0,2020-03-04,126,37846,2020-03-08,0.9694287375151932
Poland,2020-07-09,36951,25477,1551,9923,4.197450677924819,262.0,2020-03-04,127,37846,2020-03-08,0.9763515298842679
Poland,2020-07-10,37216,26048,1562,9606,4.197119518486672,265.0,2020-03-04,128,37846,2020-03-08,0.9833535908682556
Poland,2020-07-11,37521,26635,1568,9318,4.1789930971989016,305.0,2020-03-04,129,37846,2020-03-08,0.9914125667177509
Poland,2020-07-12,37891,27148,1571,9172,4.146103296297274,370.0,2020-03-04,130,37846,2020-03-08,1.001189029223696
Poland,2020-07-13,38190,27515,1576,9099,4.126734747316052,299.0,2020-03-04,131,37846,2020-03-08,1.0090894678433653
Poland,2020-07-14,38457,27756,1588,9113,4.1292872558961955,267.0,2020-03-04,132,37846,2020-03-08,1.0161443745706282
Poland,2020-07-15,38721,28492,1594,8635,4.116629219286692,264.0,2020-03-04,133,37846,2020-03-08,1.0231200126829785
Poland,2020-07-16,39054,28928,1605,8521,4.109694269473038,333.0,2020-03-04,134,37846,2020-03-08,1.031918828938329
Poland,2020-07-17,39407,29505,1612,8290,4.090643794249753,353.0,2020-03-04,135,37846,2020-03-08,1.0412461026264335
Poland,2020-07-18,39746,29924,1618,8204,4.070849896844965,339.0,2020-03-04,136,37846,2020-03-08,1.0502034561116103
Poland,2020-07-19,40104,30292,1624,8188,4.049471374426491,358.0,2020-03-04,137,37846,2020-03-08,1.059662844157903
Poland,2020-07-20,40383,30539,1627,8217,4.028923061684372,279.0,2020-03-04,138,37846,2020-03-08,1.0670348253448185
Poland,2020-07-21,40782,30771,1636,8375,4.011573733509882,399.0,2020-03-04,139,37846,2020-03-08,1.0775775511282566
Poland,2020-07-22,41162,31139,1642,8381,3.9891161751129682,380.0,2020-03-04,140,37846,2020-03-08,1.0876182423505787
Poland,2020-07-23,41580,31541,1651,8388,3.9706589706589703,418.0,2020-03-04,141,37846,2020-03-08,1.098663002695133
Poland,2020-07-24,42038,31997,1655,8386,3.9369142204671963,458.0,2020-03-04,142,37846,2020-03-08,1.1107646779051947
Poland,2020-07-25,42622,32419,1664,8539,3.904087091173572,584.0,2020-03-04,143,37846,2020-03-08,1.1261956349416054
Poland,2020-07-26,43065,32753,1671,8641,3.880181121560432,443.0,2020-03-04,144,37846,2020-03-08,1.1379009670771019
Poland,2020-07-27,43402,32856,1676,8870,3.8615731993917333,337.0,2020-03-04,145,37846,2020-03-08,1.1468054748190033
Poland,2020-07-28,43904,33043,1682,9179,3.831086005830904,502.0,2020-03-04,146,37846,2020-03-08,1.1600697563811235
Poland,2020-07-29,44416,33190,1694,9532,3.8139409221902016,512.0,2020-03-04,147,37846,2020-03-08,1.1735982666596205
Poland,2020-07-30,45031,33643,1709,9679,3.795163331926895,615.0,2020-03-04,148,37846,2020-03-08,1.1898483327167997
Poland,2020-07-31,45688,33987,1716,9985,3.7559096480476275,657.0,2020-03-04,149,37846,2020-03-08,1.2072081593827617
Poland,2020-08-01,46346,34374,1721,10251,3.71337332240107,658.0,2020-03-04,150,37846,2020-03-08,1.2245944089203615
Poland,2020-08-02,46894,34709,1731,10454,3.6913037915298332,548.0,2020-03-04,151,37846,2020-03-08,1.2390741425778153
Poland,2020-08-03,47469,34881,1732,10856,3.648697044386863,575.0,2020-03-04,152,37846,2020-03-08,1.2542672937694868
Poland,2020-08-04,48149,35056,1738,11355,3.609628445035203,680.0,2020-03-04,153,37846,2020-03-08,1.2722348464831157
Poland,2020-08-05,48789,35321,1756,11712,3.5991719444956853,640.0,2020-03-04,154,37846,2020-03-08,1.289145484331237
Poland,2020-08-06,49515,35642,1774,12099,3.582752701201656,726.0,2020-03-04,155,37846,2020-03-08,1.3083284891401998
Poland,2020-08-07,50324,36041,1787,12496,3.5509895874731736,809.0,2020-03-04,156,37846,2020-03-08,1.3297045922950905
Poland,2020-08-08,51167,36403,1800,12964,3.5178923915805105,843.0,2020-03-04,157,37846,2020-03-08,1.351979073085663
Poland,2020-08-09,51791,36691,1807,13293,3.4890231893572246,624.0,2020-03-04,158,37846,2020-03-08,1.3684669449875813
Poland,2020-08-10,52410,36877,1809,13724,3.4516313680595307,619.0,2020-03-04,159,37846,2020-03-08,1.3848227025313111
Poland,2020-08-11,52961,37150,1821,13990,3.4383791846830687,551.0,2020-03-04,160,37846,2020-03-08,1.399381704803678
Poland,2020-08-12,53676,37611,1830,14235,3.409344958640733,715.0,2020-03-04,161,37846,2020-03-08,1.418274058024626
Poland,2020-08-13,54487,37961,1844,14682,3.3842935012021216,811.0,2020-03-04,162,37846,2020-03-08,1.4397030069227923
Poland,2020-08-14,55319,38362,1858,15099,3.3587013503497896,832.0,2020-03-04,163,37846,2020-03-08,1.46168683612535
Poland,2020-08-15,56090,38853,1869,15368,3.3321447673382063,771.0,2020-03-04,164,37846,2020-03-08,1.4820588701580089
Poland,2020-08-16,56684,39130,1877,15677,3.311340060687319,594.0,2020-03-04,165,37846,2020-03-08,1.4977540559107965
Poland,2020-08-17,57279,39359,1885,16035,3.2909094083346426,595.0,2020-03-04,166,37846,2020-03-08,1.5134756645352216
Poland,2020-08-18,57876,39643,1896,16337,3.2759693137051626,597.0,2020-03-04,167,37846,2020-03-08,1.5292501189029224
Poland,2020-08-19,58611,40099,1913,16599,3.263892443397997,735.0,2020-03-04,168,37846,2020-03-08,1.548670929556624
Poland,2020-08-20,59378,40481,1925,16972,3.2419414597999263,767.0,2020-03-04,169,37846,2020-03-08,1.5689372721027322
Poland,2020-08-21,60281,41029,1938,17314,3.214943348650487,903.0,2020-03-04,170,37846,2020-03-08,1.5927971251915658
Poland,2020-08-22,61181,41661,1951,17569,3.188898514244618,900.0,2020-03-04,171,37846,2020-03-08,1.6165777096654865
Poland,2020-08-23,61762,42183,1955,17624,3.1653767688870182,581.0,2020-03-04,172,37846,2020-03-08,1.631929398086984
Poland,2020-08-24,62310,42448,1960,17902,3.1455625100304925,548.0,2020-03-04,173,37846,2020-03-08,1.646409131744438
Poland,2020-08-25,63073,42784,1977,18312,3.134463241006453,763.0,2020-03-04,174,37846,2020-03-08,1.6665697828039951
Poland,2020-08-26,63802,43399,1994,18409,3.125293877934861,729.0,2020-03-04,175,37846,2020-03-08,1.6858320562278708
Poland,2020-08-27,64689,44097,2010,18582,3.1071743263924314,887.0,2020-03-04,176,37846,2020-03-08,1.7092691433705014
Poland,2020-08-28,65480,44785,2018,18677,3.0818570555894933,791.0,2020-03-04,177,37846,2020-03-08,1.730169634835914
Poland,2020-08-29,66239,45536,2032,18671,3.067679161823095,759.0,2020-03-04,178,37846,2020-03-08,1.7502245944089203
Poland,2020-08-30,66870,46192,2033,18645,3.0402273067145207,631.0,2020-03-04,179,37846,2020-03-08,1.7668974264123025
Poland,2020-08-31,67372,46638,2039,18695,3.026479843258327,502.0,2020-03-04,180,37846,2020-03-08,1.7801617079744227
Poland,2020-09-01,67922,47030,2058,18834,3.0299461146609348,550.0,2020-03-04,181,37846,2020-03-08,1.794694287375152
Poland,2020-09-02,68517,47865,2078,18574,3.0328239706934044,595.0,2020-03-04,182,37846,2020-03-08,1.8104158959995773
Poland,2020-09-03,69129,48593,2092,18444,3.026226330483589,612.0,2020-03-04,183,37846,2020-03-08,1.8265866934418433
Poland,2020-09-04,69820,49820,2100,17900,3.0077341735892293,691.0,2020-03-04,184,37846,2020-03-08,1.8448448977434868
Poland,2020-09-05,70387,52346,2113,15928,3.001974796482305,567.0,2020-03-04,185,37846,2020-03-08,1.8598266659620568
Poland,2020-09-06,70824,54256,2120,14448,2.9933355924545353,437.0,2020-03-04,186,37846,2020-03-08,1.871373460867727
Poland,2020-09-07,71126,55113,2124,13889,2.986249753957765,302.0,2020-03-04,187,37846,2020-03-08,1.8793531681023095
Poland,2020-09-08,71526,55910,2136,13480,2.9863266504487878,400.0,2020-03-04,188,37846,2020-03-08,1.889922316757385
Poland,2020-09-09,71947,57135,2147,12665,2.984141103868125,421.0,2020-03-04,189,37846,2020-03-08,1.9010463457168525
Poland,2020-09-10,72453,58069,2159,12225,2.979862807613211,506.0,2020-03-04,190,37846,2020-03-08,1.9144163187655234
Poland,2020-09-11,73047,58848,2169,12030,2.9693211220173312,594.0,2020-03-04,191,37846,2020-03-08,1.930111504518311
Poland,2020-09-12,73650,59725,2182,11743,2.9626612355736595,603.0,2020-03-04,192,37846,2020-03-08,1.9460444961158379
Poland,2020-09-13,74152,60659,2188,11305,2.9506958679469197,502.0,2020-03-04,193,37846,2020-03-08,1.959308777677958
Poland,2020-09-14,74529,61097,2203,11229,2.955896362489769,377.0,2020-03-04,194,37846,2020-03-08,1.969270200285367
Poland,2020-09-15,75134,61548,2227,11359,2.9640375861793595,605.0,2020-03-04,195,37846,2020-03-08,1.9852560376261692
Poland,2020-09-16,75734,62110,2237,11387,2.9537592098661105,600.0,2020-03-04,196,37846,2020-03-08,2.001109760608783
Poland,2020-09-17,76571,62725,2253,11593,2.9423672147418736,837.0,2020-03-04,197,37846,2020-03-08,2.023225704169529
Poland,2020-09-18,77328,63312,2270,11746,2.935547279122698,757.0,2020-03-04,198,37846,2020-03-08,2.0432278179992602
Poland,2020-09-19,78330,63861,2282,12187,2.9133154602323503,1002.0,2020-03-04,199,37846,2020-03-08,2.069703535380225
Poland,2020-09-20,79240,64302,2293,12645,2.893740535083291,910.0,2020-03-04,200,37846,2020-03-08,2.093748348570523
Poland,2020-09-21,79988,64604,2298,13086,2.872930939640946,748.0,2020-03-04,201,37846,2020-03-08,2.1135126565555145
Poland,2020-09-22,80699,64972,2316,13411,2.869924038711756,711.0,2020-03-04,202,37846,2020-03-08,2.132299318289912
Poland,2020-09-23,81673,65561,2344,13768,2.869981511637873,974.0,2020-03-04,203,37846,2020-03-08,2.1580351952650214
Poland,2020-09-24,82809,66158,2369,14282,2.8608001545725705,1136.0,2020-03-04,204,37846,2020-03-08,2.188051577445437
Poland,2020-09-25,84396,66740,2392,15264,2.8342575477510783,1587.0,2020-03-04,205,37846,2020-03-08,2.22998467473445
Poland,2020-09-26,85980,67326,2424,16230,2.819260293091417,1584.0,2020-03-04,206,37846,2020-03-08,2.2718385034085506
Poland,2020-09-27,87330,67904,2432,16994,2.784839115996794,1350.0,2020-03-04,207,37846,2020-03-08,2.3075093801194315
Poland,2020-09-28,88636,68420,2447,17769,2.7607292747867684,1306.0,2020-03-04,208,37846,2020-03-08,2.342017650478254
Poland,2020-09-29,89962,68955,2483,18524,2.7600542451257195,1326.0,2020-03-04,209,37846,2020-03-08,2.3770543782698303
Poland,2020-09-30,91514,69695,2513,19306,2.7460279301527635,1552.0,2020-03-04,210,37846,2020-03-08,2.4180626750515244
Poland,2020-10-01,93481,70401,2543,20537,2.720338892395246,1967.0,2020-03-04,211,37846,2020-03-08,2.47003646356286
Poland,2020-10-02,95773,71353,2570,21850,2.6834285236966577,2292.0,2020-03-04,212,37846,2020-03-08,2.5305976853564447
Poland,2020-10-03,98140,72209,2604,23327,2.653352353780314,2367.0,2020-03-04,213,37846,2020-03-08,2.593140622522856
Poland,2020-10-04,100074,73003,2630,24441,2.628055239123049,1934.0,2020-03-04,214,37846,2020-03-08,2.6442424562701476
Poland,2020-10-05,102080,73552,2659,25869,2.604819749216301,2006.0,2020-03-04,215,37846,2020-03-08,2.6972467367753525
Poland,2020-10-06,104316,74158,2717,27441,2.6045860654166186,2236.0,2020-03-04,216,37846,2020-03-08,2.7563282777572264
Poland,2020-10-07,107319,75346,2792,29181,2.60158965327668,3003.0,2020-03-04,217,37846,2020-03-08,2.8356761612852086
Poland,2020-10-08,111599,76490,2867,32242,2.5690194356580256,4280.0,2020-03-04,218,37846,2020-03-08,2.94876605189452
Poland,2020-10-09,116338,77875,2919,35544,2.5090684041327855,4739.0,2020-03-04,219,37846,2020-03-08,3.0739840405855308
Poland,2020-10-10,121638,78982,2972,39684,2.443315411302389,5300.0,2020-03-04,220,37846,2020-03-08,3.2140252602652857
Poland,2020-10-11,125816,80302,3004,42510,2.387613658040313,4178.0,2020-03-04,221,37846,2020-03-08,3.3244200179675527
Poland,2020-10-12,130210,81201,3039,45970,2.3339221257967897,4394.0,2020-03-04,222,37846,2020-03-08,3.4405221159435606
Poland,2020-10-13,135278,82004,3101,50173,2.292316562929671,5068.0,2020-03-04,223,37846,2020-03-08,3.5744332294033714
Poland,2020-10-14,141804,83847,3217,54740,2.2686242983272686,6526.0,2020-03-04,224,37846,2020-03-08,3.746868889710934
Poland,2020-10-15,149903,85588,3308,61007,2.206760371707037,8099.0,2020-03-04,225,37846,2020-03-08,3.960867727104582
Poland,2020-10-16,157608,87773,3440,66395,2.182630323333841,7705.0,2020-03-04,226,37846,2020-03-08,4.16445595307298
Poland,2020-10-17,167230,90162,3524,73544,2.107277402379956,9622.0,2020-03-04,227,37846,2020-03-08,4.418696823970829
Poland,2020-10-18,175766,92651,3573,79542,2.0328163581124903,8536.0,2020-03-04,228,37846,2020-03-08,4.644242456270147
Poland,2020-10-19,183248,94014,3614,85620,1.9721906923950057,7482.0,2020-03-04,229,37846,2020-03-08,4.841938381863341
Poland,2020-10-20,192539,95956,3721,92862,1.932595474163676,9291.0,2020-03-04,230,37846,2020-03-08,5.087433282249115
Poland,2020-10-21,202579,98884,3851,99844,1.9009867755295464,10040.0,2020-03-04,231,37846,2020-03-08,5.352718913491518
Poland,2020-10-22,214686,102204,4019,108463,1.872036369395303,12107.0,2020-03-04,232,37846,2020-03-08,5.672620620409026
Poland,2020-10-23,228318,105092,4172,119054,1.8272759922564143,13632.0,2020-03-04,233,37846,2020-03-08,6.032817206574011
Poland,2020-10-24,241946,109344,4351,128251,1.798335165698131,13628.0,2020-03-04,234,37846,2020-03-08,6.392908101252444
Poland,2020-10-25,253688,112619,4438,136631,1.7493929551259815,11742.0,2020-03-04,235,37846,2020-03-08,6.703165460022195
Poland,2020-10-26,263929,115302,4483,144144,1.6985628710751755,10241.0,2020-03-04,236,37846,2020-03-08,6.973762088463774
Poland,2020-10-27,280229,119237,4615,156377,1.6468673834613832,16300.0,2020-03-04,237,37846,2020-03-08,7.404454896158114
Poland,2020-10-28,299049,123504,4849,170696,1.6214734040240895,18820.0,2020-03-04,238,37846,2020-03-08,7.901733340379432
Poland,2020-10-29,319205,129267,5149,184789,1.6130699707084788,20156.0,2020-03-04,239,37846,2020-03-08,8.434312741108704
Poland,2020-10-30,340834,134724,5351,200759,1.569972479271434,21629.0,2020-03-04,240,37846,2020-03-08,9.005813031760292
Poland,2020-10-31,362731,140280,5631,216820,1.552390063159752,21897.0,2020-03-04,241,37846,2020-03-08,9.584394652010781
Poland,2020-11-01,379902,146595,5783,227524,1.5222346815757748,17171.0,2020-03-04,242,37846,2020-03-08,10.038101780901549
Poland,2020-11-02,395480,154413,5875,235192,1.4855365631637503,15578.0,2020-03-04,243,37846,2020-03-08,10.449717275273477
Poland,2020-11-03,414844,159986,6102,248756,1.4709143678105505,19364.0,2020-03-04,244,37846,2020-03-08,10.961369761665697
Poland,2020-11-04,439536,168960,6475,264101,1.4731444068290196,24692.0,2020-03-04,245,37846,2020-03-08,11.61380330814353
Poland,2020-11-05,466679,177681,6842,282156,1.4661041101056613,27143.0,2020-03-04,246,37846,2020-03-08,12.330999313005337
Poland,2020-11-06,493765,188675,7287,297803,1.4758032667362004,27086.0,2020-03-04,247,37846,2020-03-08,13.046689214183797
Poland,2020-11-07,521640,200510,7636,313494,1.4638447971781305,27875.0,2020-03-04,248,37846,2020-03-08,13.783226761084395
Poland,2020-11-08,546425,209363,7872,329190,1.4406368669076268,24785.0,2020-03-04,249,37846,2020-03-08,14.43811763462453
Poland,2020-11-09,568138,219371,8045,340722,1.4160292041722258,21713.0,2020-03-04,250,37846,2020-03-08,15.011837446493685
Poland,2020-11-10,593592,230661,8375,354556,1.4109017641747192,25454.0,2020-03-04,251,37846,2020-03-08,15.684405221159436
Poland,2020-11-11,618813,242875,8805,367133,1.4228854274231473,25221.0,2020-03-04,252,37846,2020-03-08,16.350816466733605
Poland,2020-11-12,641496,254349,9080,378067,1.4154414057141431,22683.0,2020-03-04,253,37846,2020-03-08,16.950166464091318
Poland,2020-11-13,665547,267580,9499,388468,1.427247061439688,24051.0,2020-03-04,254,37846,2020-03-08,17.58566294984939
Poland,2020-11-14,691118,282215,10045,398858,1.4534421039533045,25571.0,2020-03-04,255,37846,2020-03-08,18.26132220049675
Poland,2020-11-15,712972,294783,10348,407841,1.4513893953759756,21854.0,2020-03-04,256,37846,2020-03-08,18.83876763726682
Poland,2020-11-16,733788,306022,10491,417275,1.4297044923056796,20816.0,2020-03-04,257,37846,2020-03-08,19.388786133276966
Poland,2020-11-17,752940,324282,10848,417810,1.4407522511753925,19152.0,2020-03-04,258,37846,2020-03-08,19.894836970881997
Poland,2020-11-18,772823,342883,11451,418489,1.481710559856526,19883.0,2020-03-04,259,37846,2020-03-08,20.420202927654177
Poland,2020-11-19,796798,361886,12088,422824,1.5170720810042193,23975.0,2020-03-04,260,37846,2020-03-08,21.053691275167786
Poland,2020-11-20,819262,381800,12714,424748,1.5518845009288846,22464.0,2020-03-04,261,37846,2020-03-08,21.647254663636843
Poland,2020-11-21,843475,407075,13288,423112,1.575387533714692,24213.0,2020-03-04,262,37846,2020-03-08,22.287031654600224
Poland,2020-11-22,861331,423971,13618,423742,1.581041434709769,17856.0,2020-03-04,263,37846,2020-03-08,22.758838450562806
Poland,2020-11-23,876333,438868,13774,423691,1.5717769386751383,15002.0,2020-03-04,264,37846,2020-03-08,23.155234370871426
Poland,2020-11-24,909066,454717,14314,440035,1.574583143578134,32733.0,2020-03-04,265,37846,2020-03-08,24.02013422818792
Poland,2020-11-25,924422,469527,14988,439907,1.6213374411253736,15356.0,2020-03-04,266,37846,2020-03-08,24.42588384505628
Poland,2020-11-26,941112,494869,15568,430675,1.6542133136119825,16690.0,2020-03-04,267,37846,2020-03-08,24.86688157268932
Poland,2020-11-27,958416,516636,16147,425633,1.684759019048096,17304.0,2020-03-04,268,37846,2020-03-08,25.3241029435079
Poland,2020-11-28,973593,538273,16746,418574,1.7200205835497997,15177.0,2020-03-04,269,37846,2020-03-08,25.725122866353114
Poland,2020-11-29,985075,559429,17029,408617,1.7287008603405831,11482.0,2020-03-04,270,37846,2020-03-08,26.028510278497066
Poland,2020-11-30,990811,577514,17150,396147,1.7309052886978444,5736.0,2020-03-04,271,37846,2020-03-08,26.180071870210856
Poland,2020-12-01,999924,597589,17599,384736,1.760033762565955,9113.0,2020-03-04,272,37846,2020-03-08,26.42086349944512
Poland,2020-12-02,1013747,622980,18208,372559,1.7961088910744,13823.0,2020-03-04,273,37846,2020-03-08,26.786106854092903
Poland,2020-12-03,1028610,646560,18828,363222,1.8304313588240442,14863.0,2020-03-04,274,37846,2020-03-08,27.178829995243884
Poland,2020-12-04,1041846,666413,19359,356074,1.8581441019114149,13236.0,2020-03-04,275,37846,2020-03-08,27.528563124240343
Poland,2020-12-05,1054273,687910,19861,346502,1.883857406952469,12427.0,2020-03-04,276,37846,2020-03-08,27.856920150081912
Poland,2020-12-06,1063449,706720,20089,336640,1.8890421637520933,9176.0,2020-03-04,277,37846,2020-03-08,28.09937642022935
Poland,2020-12-07,1067870,722446,20181,325243,1.8898367778849483,4421.0,2020-03-04,278,37846,2020-03-08,28.216191935739577
Poland,2020-12-08,1076180,738845,20592,316743,1.9134345555576204,8310.0,2020-03-04,279,37846,2020-03-08,28.435765999048776
Poland,2020-12-09,1088346,768241,21160,298945,1.944234645967367,12166.0,2020-03-04,280,37846,2020-03-08,28.75722665539291
Poland,2020-12-10,1102096,792119,21630,288347,1.9626239456453884,13750.0,2020-03-04,281,37846,2020-03-08,29.12054114041114
Poland,2020-12-11,1115201,815356,22174,277671,1.9883411151891004,13105.0,2020-03-04,282,37846,2020-03-08,29.466812873223063
Poland,2020-12-12,1126700,840541,22676,263483,2.0126031774207864,11499.0,2020-03-04,283,37846,2020-03-08,29.770649474184854
Poland,2020-12-13,1135676,858895,22864,253917,2.013250257996119,8976.0,2020-03-04,284,37846,2020-03-08,30.007821170004757
Poland,2020-12-14,1140572,869155,22960,248457,2.0130250435746273,4896.0,2020-03-04,285,37846,2020-03-08,30.137187549542883
Poland,2020-12-15,1147446,879748,23309,244389,2.031380997449989,6874.0,2020-03-04,286,37846,2020-03-08,30.318818369180363
Poland,2020-12-16,1159901,892650,23914,243337,2.061727681931475,12455.0,2020-03-04,287,37846,2020-03-08,30.647915235427785
Poland,2020-12-17,1171854,903349,24345,244160,2.077477228391933,11953.0,2020-03-04,288,37846,2020-03-08,30.96374782011309
Poland,2020-12-18,1182864,915576,24771,242517,2.094154526640425,11010.0,2020-03-04,289,37846,2020-03-08,31.254663636844054
Poland,2020-12-19,1194110,927723,25254,241133,2.1148805386438436,11246.0,2020-03-04,290,37846,2020-03-08,31.55181525128151
Poland,2020-12-20,1202700,938269,25397,239034,2.111665419472853,8590.0,2020-03-04,291,37846,2020-03-08,31.778787718649262
Poland,2020-12-21,1207333,946017,25474,235842,2.1099398426117735,4633.0,2020-03-04,292,37846,2020-03-08,31.90120488294668
Poland,2020-12-22,1214525,954272,25783,234470,2.122887548630123,7192.0,2020-03-04,293,37846,2020-03-08,32.09123817576494
Poland,2020-12-23,1226883,965178,26255,235450,2.139975857518606,12358.0,2020-03-04,294,37846,2020-03-08,32.41777202346351
Poland,2020-12-24,1239998,975876,26752,237370,2.1574228345529587,13115.0,2020-03-04,295,37846,2020-03-08,32.76430798499181
Poland,2020-12-25,1249079,984683,26992,237404,2.1609521895732775,9081.0,2020-03-04,296,37846,2020-03-08,33.00425408233367
Poland,2020-12-26,1253957,992381,27061,234515,2.1580484817262473,4878.0,2020-03-04,297,37846,2020-03-08,33.13314485018232
Poland,2020-12-27,1257799,999610,27118,231071,2.1559883574402585,3842.0,2020-03-04,298,37846,2020-03-08,33.234661523014324
Poland,2020-12-28,1261010,1005376,27147,228487,2.152798153860794,3211.0,2020-03-04,299,37846,2020-03-08,33.31950536384294
Poland,2020-12-29,1268634,1014005,27454,227175,2.1640599258730258,7624.0,2020-03-04,300,37846,2020-03-08,33.52095333720869
Poland,2020-12-30,1281414,1025889,28019,227506,2.1865688996686474,12780.0,2020-03-04,301,37846,2020-03-08,33.85863763673836
Poland,2020-12-31,1294878,1036138,28554,230186,2.205149828786959,13464.0,2020-03-04,302,37846,2020-03-08,34.214395180468216
Poland,2021-01-01,1305774,1046281,28956,230537,2.217535346851752,10896.0,2020-03-04,303,37846,2020-03-08,34.50229878983248
Poland,2021-01-02,1312780,1055436,29058,228286,2.213470650070842,7006.0,2020-03-04,304,37846,2020-03-08,34.68741742852613
Poland,2021-01-03,1318562,1063093,29119,226350,2.2083906558811797,5782.0,2020-03-04,305,37846,2020-03-08,34.840194472335256
Poland,2021-01-04,1322947,1069554,29161,224232,2.2042455215515058,4385.0,2020-03-04,306,37846,2020-03-08,34.95605876446652
Poland,2021-01-05,1330543,1078892,29502,222149,2.2172902341374914,7596.0,2020-03-04,307,37846,2020-03-08,35.156766897426415
Poland,2021-01-06,1344763,1087744,30055,226964,2.234966310048685,14220.0,2020-03-04,308,37846,2020-03-08,35.53250013211436
Poland,2021-01-07,1356882,1095616,30241,231025,2.2287125925467355,12119.0,2020-03-04,309,37846,2020-03-08,35.852718913491515
Poland,2021-01-08,1365645,1104599,30574,230472,2.2387955874330445,8763.0,2020-03-04,310,37846,2020-03-08,36.08426253765259
Poland,2021-01-09,1376389,1113738,31011,231640,2.25306944475726,10744.0,2020-03-04,311,37846,2020-03-08,36.36814987052793
Poland,2021-01-10,1385522,1123318,31189,231015,2.251064941588802,9133.0,2020-03-04,312,37846,2020-03-08,36.609469957194946
Poland,2021-01-11,1390385,1130460,31264,228661,2.2485858233510863,4863.0,2020-03-04,313,37846,2020-03-08,36.737964381969036
Poland,2021-01-12,1395779,1138126,31593,226060,2.2634672107833693,5394.0,2020-03-04,314,37846,2020-03-08,36.88048935158273
Poland,2021-01-13,1404905,1147123,32074,225708,2.2830013417277324,9126.0,2020-03-04,315,37846,2020-03-08,37.121624478148284
Poland,2021-01-14,1414362,1155823,32456,226083,2.2947449097190113,9457.0,2020-03-04,316,37846,2020-03-08,37.37150557522592
Poland,2021-01-15,1422320,1164650,32844,224826,2.309184993531695,7958.0,2020-03-04,317,37846,2020-03-08,37.58177878771865
Poland,2021-01-16,1429612,1173087,33213,223312,2.3232177681776593,7292.0,2020-03-04,318,37846,2020-03-08,37.774454367700685
Poland,2021-01-17,1435582,1181326,33355,220901,2.3234479117180347,5970.0,2020-03-04,319,37846,2020-03-08,37.93219891137769
Poland,2021-01-18,1438914,1187719,33407,217788,2.3216814903461915,3332.0,2020-03-04,320,37846,2020-03-08,38.020239919674474
Poland,2021-01-19,1443804,1197034,33698,213072,2.3339733093965664,4890.0,2020-03-04,321,37846,2020-03-08,38.14944776198277
Poland,2021-01-20,1450747,1207359,34141,209247,2.353339348625225,6943.0,2020-03-04,322,37846,2020-03-08,38.33290175976325
Poland,2021-01-21,1457755,1215732,34561,207462,2.37083734921163,7008.0,2020-03-04,323,37846,2020-03-08,38.51807324420018
Poland,2021-01-22,1464448,1215732,34908,213808,2.3836967922384407,6693.0,2020-03-04,324,37846,2020-03-08,38.69492152407123
Poland,2021-01-23,1470879,1222782,35253,212844,2.396730118520966,6431.0,2020-03-04,325,37846,2020-03-08,38.86484701157322
Poland,2021-01-24,1475445,1230446,35363,209636,2.396768432574579,4566.0,2020-03-04,326,37846,2020-03-08,38.985493843470906
Poland,2021-01-25,1478119,1237736,35401,204982,2.3950033792949013,2674.0,2020-03-04,327,37846,2020-03-08,39.05614860223009
Poland,2021-01-26,1482722,1243575,35665,203482,2.4053733606164878,4603.0,2020-03-04,328,37846,2020-03-08,39.17777308037837
Poland,2021-01-27,1489512,1246267,36054,207191,2.4205243059471826,6790.0,2020-03-04,329,37846,2020-03-08,39.35718437879829
Poland,2021-01-28,1496665,1250892,36443,209330,2.4349470322350024,7153.0,2020-03-04,330,37846,2020-03-08,39.546187179622684
Poland,2021-01-29,1502810,1257352,36780,208678,2.447415175571097,6145.0,2020-03-04,331,37846,2020-03-08,39.708555725836284
Poland,2021-01-30,1508674,1264574,37082,207018,2.4579200012726408,5864.0,2020-03-04,332,37846,2020-03-08,39.86349944511969
Poland,2021-01-31,1513385,1270467,37180,205738,2.45674431820059,4711.0,2020-03-04,333,37846,2020-03-08,39.98797759340485
Poland,2021-02-01,1515889,1276636,37222,202031,2.455456830942107,2504.0,2020-03-04,334,37846,2020-03-08,40.054140463985625
Poland,2021-02-02,1520215,1281396,37476,201343,2.465177622902024,4326.0,2020-03-04,335,37846,2020-03-08,40.16844580669027
Poland,2021-02-03,1527016,1283698,37897,205421,2.481768363920221,6801.0,2020-03-04,336,37846,2020-03-08,40.3481477566982
Poland,2021-02-04,1533511,1288163,38344,207004,2.500405931225795,6495.0,2020-03-04,337,37846,2020-03-08,40.51976430798499
Poland,2021-02-05,1539564,1294687,38712,206165,2.5144781249756427,6053.0,2020-03-04,338,37846,2020-03-08,40.679701950007924
Poland,2021-02-06,1545530,1301571,38994,204965,2.5230179938273603,5966.0,2020-03-04,339,37846,2020-03-08,40.83734080219838
Poland,2021-02-07,1550255,1307161,39087,204007,2.5213271365033494,4725.0,2020-03-04,340,37846,2020-03-08,40.96218887068647
Poland,2021-02-08,1552686,1312856,39132,200698,2.5202777638234646,2431.0,2020-03-04,341,37846,2020-03-08,41.02642287163769
Poland,2021-02-09,1556685,1317474,39360,199851,2.528449879069947,3999.0,2020-03-04,342,37846,2020-03-08,41.13208793531681
Poland,2021-02-10,1563645,1319635,39721,204289,2.540282480997925,6960.0,2020-03-04,343,37846,2020-03-08,41.31599112191513
Poland,2021-02-11,1570658,1324101,40177,206380,2.5579725185240836,7013.0,2020-03-04,344,37846,2020-03-08,41.50129472071025
Poland,2021-02-12,1577036,1330127,40424,206485,2.563289614187628,6378.0,2020-03-04,345,37846,2020-03-08,41.66981979601543
Poland,2021-02-13,1583621,1336467,40709,206445,2.570627694378895,6585.0,2020-03-04,346,37846,2020-03-08,41.84381440574962
Poland,2021-02-14,1588955,1342031,40807,206117,2.568165870021492,5334.0,2020-03-04,347,37846,2020-03-08,41.984754003065056
Poland,2021-02-15,1591497,1347670,40832,202995,2.56563474514875,2542.0,2020-03-04,348,37846,2020-03-08,42.051920942768064
Poland,2021-02-16,1596673,1352443,41028,203202,2.569593147751606,5176.0,2020-03-04,349,37846,2020-03-08,42.18868572636474
Poland,2021-02-17,1605372,1354598,41308,209466,2.573110780554289,8699.0,2020-03-04,350,37846,2020-03-08,42.418538286741004
Poland,2021-02-18,1614446,1358666,41582,214198,2.5756203676059775,9074.0,2020-03-04,351,37846,2020-03-08,42.6582994239814
Poland,2021-02-19,1623218,1365216,41823,216179,2.5765485597128666,8772.0,2020-03-04,352,37846,2020-03-08,42.890080853987214
Poland,2021-02-20,1631727,1372326,42077,217324,2.5786789089106206,8509.0,2020-03-04,353,37846,2020-03-08,43.114913068752315
Poland,2021-02-21,1638767,1378414,42171,218182,2.5733371492103516,7040.0,2020-03-04,354,37846,2020-03-08,43.300930085081646
Poland,2021-02-22,1642658,1384373,42188,216097,2.5682765371732885,3891.0,2020-03-04,355,37846,2020-03-08,43.4037414786239
Poland,2021-02-23,1648962,1389516,42436,217010,2.573497751919086,6304.0,2020-03-04,356,37846,2020-03-08,43.57031126142789
Poland,2021-02-24,1661109,1391981,42808,226320,2.5770735093241925,12147.0,2020-03-04,357,37846,2020-03-08,43.89126988321091
Poland,2021-02-25,1673252,1397342,43094,232816,2.5754638273254717,12143.0,2020-03-04,358,37846,2020-03-08,44.21212281350737
Poland,2021-02-26,1684788,1405552,43353,235883,2.5732020883339626,11536.0,2020-03-04,359,37846,2020-03-08,44.51693706071976
Poland,2021-02-27,1696885,1414461,43656,238768,2.5727141202851107,12097.0,2020-03-04,360,37846,2020-03-08,44.83657453892089
Poland,2021-02-28,1706986,1422829,43769,240388,2.5641100747164884,10101.0,2020-03-04,361,37846,2020-03-08,45.10347196533319
Poland,2021-03-01,1711772,1430861,43793,237118,2.5583430503595106,4786.0,2020-03-04,362,37846,2020-03-08,45.22993182899118
Poland,2021-03-02,1719708,1438032,44008,237668,2.5590390926831765,7936.0,2020-03-04,363,37846,2020-03-08,45.43962373830788
Poland,2021-03-03,1735406,1441479,44360,249567,2.5561741748040516,15698.0,2020-03-04,364,37846,2020-03-08,45.85440997727633
Poland,2021-03-04,1750659,1448619,44649,257391,2.5504110166514438,15253.0,2020-03-04,365,37846,2020-03-08,46.25743803836601
Poland,2021-03-05,1766490,1459564,44912,262014,2.5424429235376365,15831.0,2020-03-04,366,37846,2020-03-08,46.675738519262275
Poland,2021-03-06,1781345,1471608,45159,264578,2.535106899561848,14855.0,2020-03-04,367,37846,2020-03-08,47.06825027744015
Poland,2021-03-07,1794914,1482568,45285,267061,2.5229621029196942,13569.0,2020-03-04,368,37846,2020-03-08,47.42678222269196
Poland,2021-03-08,1801083,1494083,45317,261683,2.516097259260123,6169.0,2020-03-04,369,37846,2020-03-08,47.58978491782487
Poland,2021-03-09,1811036,1503353,45599,262084,2.517840617193695,9953.0,2020-03-04,370,37846,2020-03-08,47.85277175923479
Poland,2021-03-10,1828313,1507905,45997,274411,2.515816493127818,17277.0,2020-03-04,371,37846,2020-03-08,48.30927971251916
Poland,2021-03-11,1849424,1516540,46373,286511,2.507429340162126,21111.0,2020-03-04,372,37846,2020-03-08,48.86709295566242
Poland,2021-03-12,1868297,1530484,46724,291089,2.500887171579251,18873.0,2020-03-04,373,37846,2020-03-08,49.36577181208054
Poland,2021-03-13,1889360,1546151,47068,296141,2.4912139560486093,21063.0,2020-03-04,374,37846,2020-03-08,49.92231675738519
Poland,2021-03-14,1906632,1560227,47178,299227,2.4744156187455157,17272.0,2020-03-04,375,37846,2020-03-08,50.37869259631137
Poland,2021-03-15,1917527,1574455,47206,295866,2.4618167045366244,10895.0,2020-03-04,376,37846,2020-03-08,50.666569782804
Poland,2021-03-16,1931921,1587164,47578,297179,2.4627301012826095,14394.0,2020-03-04,377,37846,2020-03-08,51.0469005971569
Poland,2021-03-17,1956974,1593165,48032,315777,2.4544015403372756,25053.0,2020-03-04,378,37846,2020-03-08,51.708872800295936
Poland,2021-03-18,1984248,1603832,48388,332028,2.4386064645145162,27274.0,2020-03-04,379,37846,2020-03-08,52.42953020134228
Poland,2021-03-19,2010244,1620272,48807,341165,2.4279142233480115,25996.0,2020-03-04,380,37846,2020-03-08,53.11641917243566
Poland,2021-03-20,2036700,1640050,49159,347491,2.413659350910787,26456.0,2020-03-04,381,37846,2020-03-08,53.815462664482375
Poland,2021-03-21,2058550,1656827,49300,352423,2.3948896067620415,21850.0,2020-03-04,382,37846,2020-03-08,54.39280240976589
Poland,2021-03-22,2073129,1676008,49365,347756,2.381183225935289,14579.0,2020-03-04,383,37846,2020-03-08,54.77802145537177
Poland,2021-03-23,2089869,1693875,49761,346233,2.381058334278369,16740.0,2020-03-04,384,37846,2020-03-08,55.220340326586694
Poland,2021-03-24,2120671,1707846,50340,362485,2.3737769790787917,30802.0,2020-03-04,385,37846,2020-03-08,56.03421761877081
Poland,2021-03-25,2154821,1722856,50860,381105,2.3602888592602356,34150.0,2020-03-04,386,37846,2020-03-08,56.93655868519791
Poland,2021-03-26,2189966,1747223,51305,391438,2.34273043508438,35145.0,2020-03-04,387,37846,2020-03-08,57.865190508904504
Poland,2021-03-27,2221725,1775068,51753,394904,2.3294062046382877,31759.0,2020-03-04,388,37846,2020-03-08,58.704354489245894
Poland,2021-03-28,2250991,1798922,51884,400185,2.3049403573803717,29266.0,2020-03-04,389,37846,2020-03-08,59.47764625059452
Poland,2021-03-29,2267964,1824431,51932,391601,2.289807069248013,16973.0,2020-03-04,390,37846,2020-03-08,59.92612165090102
Poland,2021-03-30,2288826,1848199,52392,388235,2.2890337666559186,20862.0,2020-03-04,391,37846,2020-03-08,60.4773555990065
Poland,2021-03-31,2321717,1861925,53045,406747,2.284731515512011,32891.0,2020-03-04,392,37846,2020-03-08,61.34643027004175
Poland,2021-04-01,2356970,1882179,53665,421126,2.276863939719216,35253.0,2020-03-04,393,37846,2020-03-08,62.27791576388522
Poland,2021-04-02,2387511,1911249,54165,422097,2.2686806469163914,30541.0,2020-03-04,394,37846,2020-03-08,63.084896686571895
Poland,2021-04-03,2415584,1945994,54737,414853,2.2659944758700172,28073.0,2020-03-04,395,37846,2020-03-08,63.82666596205676
Poland,2021-04-04,2438542,1978433,54941,405168,2.2530266036016604,22958.0,2020-03-04,396,37846,2020-03-08,64.43328224911484
Poland,2021-04-05,2448463,2009308,55005,384150,2.246511382855285,9921.0,2020-03-04,397,37846,2020-03-08,64.69542355863236
Poland,2021-04-06,2456709,2036577,55065,365067,2.241413207669284,8246.0,2020-03-04,398,37846,2020-03-08,64.91330655815673
Poland,2021-04-07,2471617,2054697,55703,361217,2.2537067838585023,14908.0,2020-03-04,399,37846,2020-03-08,65.30721872853141
Poland,2021-04-08,2499507,2076504,56659,366344,2.2668070143432284,27890.0,2020-03-04,400,37846,2020-03-08,66.04415261850657
Poland,2021-04-09,2528006,2107776,57427,362803,2.2716322666955695,28499.0,2020-03-04,401,37846,2020-03-08,66.7971780373091
Poland,2021-04-10,2552898,2143065,58176,351657,2.2788219505832195,24892.0,2020-03-04,402,37846,2020-03-08,67.45489615811447
Poland,2021-04-11,2574631,2171301,58421,344909,2.2691018635291815,21733.0,2020-03-04,403,37846,2020-03-08,68.02914442741637
Poland,2021-04-12,2586647,2197782,58481,330384,2.260880591746767,12016.0,2020-03-04,404,37846,2020-03-08,68.34664165301486
Poland,2021-04-13,2599850,2219655,59126,321069,2.2742081273919648,13203.0,2020-03-04,405,37846,2020-03-08,68.69550282724727
Poland,2021-04-14,2621116,2229801,59930,331385,2.286430665411222,21266.0,2020-03-04,406,37846,2020-03-08,69.25741161549438
Poland,2021-04-15,2642242,2238638,60612,342992,2.293960961940655,21126.0,2020-03-04,407,37846,2020-03-08,69.8156212017122
Poland,2021-04-16,2660088,2255232,61208,343648,2.300976509047821,17846.0,2020-03-04,408,37846,2020-03-08,70.28716376895841
Poland,2021-04-17,2675874,2285221,61825,328828,2.3104600590311803,15786.0,2020-03-04,409,37846,2020-03-08,70.70427522063098
Poland,2021-04-18,2688025,2311145,62032,314848,2.3077166320997757,12151.0,2020-03-04,410,37846,2020-03-08,71.02533953390055
Poland,2021-04-19,2695327,2334978,62133,298216,2.3052119464539924,7302.0,2020-03-04,411,37846,2020-03-08,71.21827934259895
Poland,2021-04-20,2704571,2354652,62734,287185,2.3195545615182596,9244.0,2020-03-04,412,37846,2020-03-08,71.46253236801776
Poland,2021-04-21,2718493,2366230,63473,288790,2.3348597918037677,13922.0,2020-03-04,413,37846,2020-03-08,71.83039158695767
Poland,2021-04-22,2731256,2380787,64168,286301,2.349395296522918,12763.0,2020-03-04,414,37846,2020-03-08,72.1676266976695
Poland,2021-04-23,2742122,2401457,64707,275958,2.359741834973061,10866.0,2020-03-04,415,37846,2020-03-08,72.45473762088464
Poland,2021-04-24,2751632,2422659,65222,263751,2.3703024241613706,9510.0,2020-03-04,416,37846,2020-03-08,72.70601913015906
Poland,2021-04-25,2758856,2439412,65415,254029,2.3710914958954,7224.0,2020-03-04,417,37846,2020-03-08,72.89689795486973
Poland,2021-04-26,2762323,2455005,65437,241881,2.3689119628660373,3467.0,2020-03-04,418,37846,2020-03-08,72.9885060508376
Poland,2021-04-27,2768034,2467036,65897,235101,2.38064272331915,5711.0,2020-03-04,419,37846,2020-03-08,73.13940707076046
Poland,2021-04-28,2776927,2473974,66533,236420,2.395921822935929,8893.0,2020-03-04,420,37846,2020-03-08,73.37438566823442
Poland,2021-04-29,2785353,2483780,67073,234500,2.4080610249401064,8426.0,2020-03-04,421,37846,2020-03-08,73.5970247846536
Poland,2021-04-30,2792142,2496810,67502,227830,2.417570453078676,6789.0,2020-03-04,422,37846,2020-03-08,73.77640966020186
Poland,2021-05-01,2798617,2510858,67924,219835,2.427055935127958,6475.0,2020-03-04,423,37846,2020-03-08,73.94749775405592
Poland,2021-05-02,2803233,2520968,68068,214197,2.4281963004859035,4616.0,2020-03-04,424,37846,2020-03-08,74.06946572953548
Poland,2021-05-03,2805756,2529844,68105,207807,2.4273315284721835,2523.0,2020-03-04,425,37846,2020-03-08,74.13613063467737
Poland,2021-05-04,2808052,2536931,68133,202988,2.4263439565933966,2296.0,2020-03-04,426,37846,2020-03-08,74.19679754795752
Poland,2021-05-05,2811951,2540684,68482,202785,2.4353909438677985,3899.0,2020-03-04,427,37846,2020-03-08,74.29982032447286
Poland,2021-05-06,2818378,2546751,68993,202634,2.4479682994970866,6427.0,2020-03-04,428,37846,2020-03-08,74.4696401204883
Poland,2021-05-07,2824425,2555059,69445,199921,2.4587305380741213,6047.0,2020-03-04,429,37846,2020-03-08,74.62941922528141
Poland,2021-05-08,2829196,2563079,69866,196251,2.469464823221862,4771.0,2020-03-04,430,37846,2020-03-08,74.75548274586482
Poland,2021-05-09,2833052,2569501,70012,193539,2.4712571460036736,3856.0,2020-03-04,431,37846,2020-03-08,74.85736933889976
Poland,2021-05-10,2835083,2576034,70034,189015,2.4702627753755357,2031.0,2020-03-04,432,37846,2020-03-08,74.9110341911959
Poland,2021-05-11,2838180,2580245,70336,187599,2.4782078656040136,3097.0,2020-03-04,433,37846,2020-03-08,74.99286582465783
Poland,2021-05-12,2842339,2582519,70679,189141,2.486649199831547,4159.0,2020-03-04,434,37846,2020-03-08,75.10275854779897
Poland,2021-05-13,2845762,2584751,71021,189990,2.495676026315623,3423.0,2020-03-04,435,37846,2020-03-08,75.19320403741479
Poland,2021-05-14,2849014,2589277,71311,188426,2.503006303233329,3252.0,2020-03-04,436,37846,2020-03-08,75.27913121598056
Poland,2021-05-15,2851911,2595635,71609,184667,2.510912858080073,2897.0,2020-03-04,437,37846,2020-03-08,75.35567827511494
Poland,2021-05-16,2854079,2600974,71664,181441,2.510932598572079,2168.0,2020-03-04,438,37846,2020-03-08,75.41296306082545
Poland,2021-05-17,2855190,2605703,71675,177812,2.5103408179490683,1111.0,2020-03-04,439,37846,2020-03-08,75.44231887121492
Poland,2021-05-18,2856924,2609216,71920,175788,2.5173928322909536,1734.0,2020-03-04,440,37846,2020-03-08,75.48813613063467
Poland,2021-05-19,2859261,2610932,72250,176079,2.5268766999584855,2337.0,2020-03-04,441,37846,2020-03-08,75.54988638165196
Poland,2021-05-20,2861351,2614020,72500,174831,2.5337681395955967,2090.0,2020-03-04,442,37846,2020-03-08,75.60511018337473
Poland,2021-05-21,2863031,2618031,72691,172309,2.5389525995352478,1680.0,2020-03-04,443,37846,2020-03-08,75.64950060772605
Poland,2021-05-22,2864546,2621686,72882,169978,2.5442775225114205,1515.0,2020-03-04,444,37846,2020-03-08,75.68953125825715
Poland,2021-05-23,2865622,2624724,72928,167970,2.5449274188989337,1076.0,2020-03-04,445,37846,2020-03-08,75.7179622681393
Poland,2021-05-24,2866181,2627679,72945,165557,2.5450241977041923,559.0,2020-03-04,446,37846,2020-03-08,75.73273265338477
Poland,2021-05-25,2867187,2629626,73096,164465,2.5493977197859783,1006.0,2020-03-04,447,37846,2020-03-08,75.75931406225229
Poland,2021-05-26,2868450,2630581,73305,164564,2.5555613658944725,1263.0,2020-03-04,448,37846,2020-03-08,75.79268614913069
Poland,2021-05-27,2869652,2632483,73440,163729,2.5591953310018076,1202.0,2020-03-04,449,37846,2020-03-08,75.8244464408392
Poland,2021-05-28,2870595,2634711,73557,162327,2.562430436895487,943.0,2020-03-04,450,37846,2020-03-08,75.84936320879353
Poland,2021-05-29,2871371,2636675,73682,161014,2.566091250486266,776.0,2020-03-04,451,37846,2020-03-08,75.86986735718438
Poland,2021-05-30,2871950,2638222,73738,159990,2.5675238078657356,579.0,2020-03-04,452,37846,2020-03-08,75.8851661998626
Poland,2021-05-31,2872283,2639689,73745,158849,2.567469848897201,333.0,2020-03-04,453,37846,2020-03-08,75.89396501611795
Poland,2021-06-01,2872868,2640672,73856,158340,2.5708107716748563,585.0,2020-03-04,454,37846,2020-03-08,75.909422396026
Poland,2021-06-02,2873527,2641139,73984,158404,2.574675651211908,659.0,2020-03-04,455,37846,2020-03-08,75.92683506843524
Poland,2021-06-03,2874092,2642127,74075,157890,2.5773357289884946,565.0,2020-03-04,456,37846,2020-03-08,75.94176399091053
Poland,2021-06-04,2874411,2643313,74101,156997,2.577954231319042,319.0,2020-03-04,457,37846,2020-03-08,75.95019288696295
Poland,2021-06-05,2874824,2644273,74139,156412,2.5789056999663282,413.0,2020-03-04,458,37846,2020-03-08,75.96110553294932
Poland,2021-06-06,2875136,2645150,74152,155834,2.579077998397293,312.0,2020-03-04,459,37846,2020-03-08,75.96934946890028
Poland,2021-06-07,2875328,2645877,74160,155291,2.5791840096155987,192.0,2020-03-04,460,37846,2020-03-08,75.97442266025472
Poland,2021-06-08,2875729,2646340,74255,155134,2.5821278708807403,401.0,2020-03-04,461,37846,2020-03-08,75.98501823178142
Poland,2021-06-09,2876289,2646647,74363,155279,2.585379980940719,560.0,2020-03-04,462,37846,2020-03-08,75.99981503989854
Poland,2021-06-10,2876667,2647095,74447,155125,2.5879603026697215,378.0,2020-03-04,463,37846,2020-03-08,76.00980288537758
Poland,2021-06-11,2877007,2647688,74515,154804,2.5900180291532138,340.0,2020-03-04,464,37846,2020-03-08,76.0187866617344
Poland,2021-06-12,2877243,2648207,74562,154474,2.591439096384977,236.0,2020-03-04,465,37846,2020-03-08,76.02502245944089
Poland,2021-06-13,2877469,2648504,74573,154392,2.5916178419298346,226.0,2020-03-04,466,37846,2020-03-08,76.03099402843101
Poland,2021-06-14,2877608,2648859,74574,154175,2.591527407485662,139.0,2020-03-04,467,37846,2020-03-08,76.03466680758865
Poland,2021-06-15,2877819,2649080,74626,154113,2.593144322141177,211.0,2020-03-04,468,37846,2020-03-08,76.0402420335042
Poland,2021-06-16,2878061,2649184,74688,154189,2.595080507327676,242.0,2020-03-04,469,37846,2020-03-08,76.04663636844052
Poland,2021-06-17,2878276,2649535,74734,154007,2.596484840230749,215.0,2020-03-04,470,37846,2020-03-08,76.05231728584262
Poland,2021-06-18,2878466,2649879,74782,153805,2.5979810079396457,190.0,2020-03-04,471,37846,2020-03-08,76.05733763145379
Poland,2021-06-19,2878634,2650194,74823,153617,2.599253673791111,168.0,2020-03-04,472,37846,2020-03-08,76.06177667388891
Poland,2021-06-20,2878767,2650476,74828,153463,2.599307272870642,133.0,2020-03-04,473,37846,2020-03-08,76.06529091581673
Poland,2021-06-21,2878840,2650648,74829,153363,2.599276097316975,73.0,2020-03-04,474,37846,2020-03-08,76.06721978544628
Poland,2021-06-22,2879030,2650773,74858,153399,2.600111843224975,190.0,2020-03-04,475,37846,2020-03-08,76.07224013105744
Poland,2021-06-23,2879192,2650839,74893,153460,2.601181164715656,162.0,2020-03-04,476,37846,2020-03-08,76.07652063626274
Poland,2021-06-24,2879336,2651045,74917,153374,2.601884601171937,144.0,2020-03-04,477,37846,2020-03-08,76.08032552977858
Poland,2021-06-25,2879470,2651209,74953,153308,2.603013749057986,134.0,2020-03-04,478,37846,2020-03-08,76.08386619457802
Poland,2021-06-26,2879569,2651360,74974,153235,2.603653532872454,99.0,2020-03-04,479,37846,2020-03-08,76.08648205887016
Poland,2021-06-27,2879638,2651522,74979,153137,2.6037647787673315,69.0,2020-03-04,480,37846,2020-03-08,76.08830523701316
Poland,2021-06-28,2879689,2651681,74979,153029,2.6037186654531097,51.0,2020-03-04,481,37846,2020-03-08,76.08965280346668
Poland,2021-06-29,2879811,2651759,75005,153047,2.6045111988252008,122.0,2020-03-04,482,37846,2020-03-08,76.09287639380648
Poland,2021-06-30,2879912,2651787,75021,153104,2.6049754298048,101.0,2020-03-04,483,37846,2020-03-08,76.09554510384189
Poland,2021-07-01,2880010,2651906,75044,153060,2.605685396925705,98.0,2020-03-04,484,37846,2020-03-08,76.09813454526238
Poland,2021-07-02,2880107,2652004,75065,153038,2.6063267788314812,97.0,2020-03-04,485,37846,2020-03-08,76.10069756381124
Poland,2021-07-03,2880215,2652072,75083,153060,2.6068540022185847,108.0,2020-03-04,486,37846,2020-03-08,76.10355123394811
Poland,2021-07-04,2880270,2652165,75084,153021,2.606838942182504,55.0,2020-03-04,487,37846,2020-03-08,76.10500449188818
Poland,2021-07-05,2880308,2652228,75085,152995,2.6068392685782213,38.0,2020-03-04,488,37846,2020-03-08,76.10600856101041
Poland,2021-07-06,2880403,2652265,75095,153043,2.6071004647613543,95.0,2020-03-04,489,37846,2020-03-08,76.10851873381598
Poland,2021-07-07,2880503,2652293,75114,153096,2.607669563267249,100.0,2020-03-04,490,37846,2020-03-08,76.11116102097976
Poland,2021-07-08,2880596,2652372,75135,153089,2.6083143904941894,93.0,2020-03-04,491,37846,2020-03-08,76.11361834804207
Poland,2021-07-09,2880670,2652409,75152,153109,2.608837527380783,74.0,2020-03-04,492,37846,2020-03-08,76.11557364054326
Poland,2021-07-10,2880755,2652458,75159,153138,2.6090035424741083,85.0,2020-03-04,493,37846,2020-03-08,76.11781958463246
Poland,2021-07-11,2880821,2652505,75160,153156,2.608978482175741,66.0,2020-03-04,494,37846,2020-03-08,76.11956349416054
Poland,2021-07-12,2880865,2652577,75160,153128,2.6089386347503267,44.0,2020-03-04,495,37846,2020-03-08,76.1207261005126
Poland,2021-07-13,2880959,2652604,75173,153182,2.609304748870081,94.0,2020-03-04,496,37846,2020-03-08,76.12320985044654
Poland,2021-07-14,2881046,2652581,75179,153286,2.6094342124353447,87.0,2020-03-04,497,37846,2020-03-08,76.12550864027902
Poland,2021-07-15,2881151,2652655,75191,153305,2.609755615030243,105.0,2020-03-04,498,37846,2020-03-08,76.12828304180098
Poland,2021-07-16,2881241,2652743,75205,153293,2.610159997029058,90.0,2020-03-04,499,37846,2020-03-08,76.13066110024837
Poland,2021-07-17,2881355,2652951,75212,153192,2.610299668038128,114.0,2020-03-04,500,37846,2020-03-08,76.13367330761507
Poland,2021-07-18,2881424,2652984,75215,153225,2.6103412757025692,69.0,2020-03-04,501,37846,2020-03-08,76.13549648575807
Poland,2021-07-19,2881491,2653034,75215,153242,2.6102805804356146,67.0,2020-03-04,502,37846,2020-03-08,76.1372668181578
Poland,2021-07-20,2881594,2652994,75219,153381,2.610326090351382,103.0,2020-03-04,503,37846,2020-03-08,76.13998837393648
Poland,2021-07-21,2881718,2653025,75222,153471,2.6103178728799974,124.0,2020-03-04,504,37846,2020-03-08,76.14326481001956
Poland,2021-07-22,2881840,2653088,75231,153521,2.6105196679898954,122.0,2020-03-04,505,37846,2020-03-08,76.14648840035935
Poland,2021-07-23,2881948,2653172,75235,153541,2.610560634681819,108.0,2020-03-04,506,37846,2020-03-08,76.14934207049622
Poland,2021-07-24,2882066,2653221,75241,153604,2.610661934875884,118.0,2020-03-04,507,37846,2020-03-08,76.15245996934947
Poland,2021-07-25,2882146,2653279,75242,153625,2.610624166853449,80.0,2020-03-04,508,37846,2020-03-08,76.15457379908048
Poland,2021-07-26,2882220,2653359,75242,153619,2.6105571399823746,74.0,2020-03-04,509,37846,2020-03-08,76.15652909158167
Poland,2021-07-27,2882327,2653407,75249,153671,2.610703088164528,107.0,2020-03-04,510,37846,2020-03-08,76.1593563388469
Poland,2021-07-28,2882465,2653446,75252,153767,2.6106821765398713,138.0,2020-03-04,511,37846,2020-03-08,76.1630026951329
Poland,2021-07-29,2882630,2653529,75257,153844,2.6107061953840764,165.0,2020-03-04,512,37846,2020-03-08,76.16736246895313
Poland,2021-07-30,2882786,2653608,75259,153919,2.6106342961288145,156.0,2020-03-04,513,37846,2020-03-08,76.17148443692861
Poland,2021-07-31,2882939,2653700,75261,153978,2.610565121218312,153.0,2020-03-04,514,37846,2020-03-08,76.17552713628918
Poland,2021-08-01,2883029,2653807,75261,153961,2.6104836267689295,90.0,2020-03-04,515,37846,2020-03-08,76.17790519473657
Poland,2021-08-02,2883120,2653900,75261,153959,2.6104012319986682,91.0,2020-03-04,516,37846,2020-03-08,76.1803096760556
Poland,2021-08-03,2883284,2653934,75265,154085,2.6103914841548734,164.0,2020-03-04,517,37846,2020-03-08,76.18464302700417
Poland,2021-08-04,2883448,2653981,75269,154198,2.6103817374199223,164.0,2020-03-04,518,37846,2020-03-08,76.18897637795276
Poland,2021-08-05,2883624,0,75275,2808349,2.6104304860827905,176.0,2020-03-04,519,37846,2020-03-08,76.19362680336098
Poland,2021-08-06,2883796,0,75281,2808515,2.6104828496883967,172.0,2020-03-04,520,37846,2020-03-08,76.19817153728268
Poland,2021-08-07,2883976,0,75285,2808691,2.610458616853954,180.0,2020-03-04,521,37846,2020-03-08,76.20292765417746
Poland,2021-08-08,2884098,0,75285,2808813,2.6103481920517266,122.0,2020-03-04,522,37846,2020-03-08,76.20615124451726
Poland,2021-08-09,2884162,0,75285,2808877,2.6102902680223927,64.0,2020-03-04,523,37846,2020-03-08,76.20784230830206
Poland,2021-08-10,2884361,0,75285,2809076,2.6101101769161352,199.0,2020-03-04,524,37846,2020-03-08,76.21310045975797
Poland,2021-08-11,2884557,0,75289,2809268,2.610071494513716,196.0,2020-03-04,525,37846,2020-03-08,76.21827934259895
Poland,2021-08-12,2884780,0,75291,2809489,2.6099390594776724,223.0,2020-03-04,526,37846,2020-03-08,76.22417164297416
Poland,2021-08-13,2884974,0,75297,2809677,2.609971528339597,194.0,2020-03-04,527,37846,2020-03-08,76.22929768007187
Poland,2021-08-14,2885185,0,75299,2809886,2.609849974958278,211.0,2020-03-04,528,37846,2020-03-08,76.23487290598742
Poland,2021-08-15,2885333,0,75299,2810034,2.6097161055586997,148.0,2020-03-04,529,37846,2020-03-08,76.2387834909898
Poland,2021-08-16,2885461,0,75299,2810162,2.6096003376930064,128.0,2020-03-04,530,37846,2020-03-08,76.24216561855943
Poland,2021-08-17,2885676,0,75306,2810370,2.6096484844452394,215.0,2020-03-04,531,37846,2020-03-08,76.24784653596153
Poland,2021-08-18,2885883,0,75307,2810576,2.6094959497665013,207.0,2020-03-04,532,37846,2020-03-08,76.25331607039053
Poland,2021-08-19,2886079,0,75311,2810768,2.609457329477121,196.0,2020-03-04,533,37846,2020-03-08,76.25849495323152
Poland,2021-08-20,2886291,0,75315,2810976,2.60940424925969,212.0,2020-03-04,534,37846,2020-03-08,76.26409660201871
Poland,2021-08-21,2886513,0,75316,2811197,2.6092382054056227,222.0,2020-03-04,535,37846,2020-03-08,76.26996247952228
Poland,2021-08-22,2886698,0,75316,2811382,2.6090709869892867,185.0,2020-03-04,536,37846,2020-03-08,76.27485071077524
Poland,2021-08-23,2886805,0,75316,2811489,2.608974281255575,107.0,2020-03-04,537,37846,2020-03-08,76.27767795804048
Poland,2021-08-24,2887037,0,75324,2811713,2.609041726863909,232.0,2020-03-04,538,37846,2020-03-08,76.28380806426043
Poland,2021-08-25,2887270,0,75329,2811941,2.609004353593533,233.0,2020-03-04,539,37846,2020-03-08,76.28996459335201
Poland,2021-08-26,2887485,0,75332,2812153,2.6089139857003585,215.0,2020-03-04,540,37846,2020-03-08,76.29564551075411
Poland,2021-08-27,2887739,0,75335,2812404,2.6087883981204674,254.0,2020-03-04,541,37846,2020-03-08,76.30235692015007
Poland,2021-08-28,2888028,0,75340,2812688,2.6087004696630367,289.0,2020-03-04,542,37846,2020-03-08,76.30999313005337
Poland,2021-08-29,2888231,0,75340,2812891,2.6085171165325765,203.0,2020-03-04,543,37846,2020-03-08,76.31535697299583
Poland,2021-08-30,2888385,0,75340,2813045,2.6083780382462862,154.0,2020-03-04,544,37846,2020-03-08,76.31942609522802
Poland,2021-08-31,2888670,0,75345,2813325,2.608293782259656,285.0,2020-03-04,545,37846,2020-03-08,76.32695661364477
Poland,2021-09-01,2889036,0,75358,2813678,2.6084133254137365,366.0,2020-03-04,546,37846,2020-03-08,76.33662738466417
Poland,2021-09-02,2889412,0,75367,2814045,2.608385373909986,376.0,2020-03-04,547,37846,2020-03-08,76.34656238439993
Poland,2021-09-03,2889773,0,75372,2814401,2.608232549753908,361.0,2020-03-04,548,37846,2020-03-08,76.35610104106114
Poland,2021-09-04,2890161,0,75379,2814782,2.6081245992870294,388.0,2020-03-04,549,37846,2020-03-08,76.36635311525657
Poland,2021-09-05,2890484,0,75379,2815105,2.607833151818173,323.0,2020-03-04,550,37846,2020-03-08,76.37488770279553
Poland,2021-09-06,2890666,0,75379,2815287,2.607668959333247,182.0,2020-03-04,551,37846,2020-03-08,76.3796966654336
Poland,2021-09-07,2891071,0,75392,2815679,2.607753320482271,405.0,2020-03-04,552,37846,2020-03-08,76.39039792844686
Poland,2021-09-08,2891602,0,75403,2816199,2.6076548570653912,531.0,2020-03-04,553,37846,2020-03-08,76.40442847328647
Poland,2021-09-09,2892113,0,75409,2816704,2.607401578015797,511.0,2020-03-04,554,37846,2020-03-08,76.41793056069334
Poland,2021-09-10,2892642,0,75417,2817225,2.60720130593416,529.0,2020-03-04,555,37846,2020-03-08,76.43190825978968
Poland,2021-09-11,2893173,0,75425,2817748,2.6069993049153988,531.0,2020-03-04,556,37846,2020-03-08,76.4459388046293
Poland,2021-09-12,2893649,0,75425,2818224,2.6065704582691267,476.0,2020-03-04,557,37846,2020-03-08,76.45851609152882
Poland,2021-09-13,2893919,0,75425,2818494,2.606327267625666,270.0,2020-03-04,558,37846,2020-03-08,76.46565026687101
Poland,2021-09-14,2894455,0,75433,2819022,2.6061210141460136,536.0,2020-03-04,559,37846,2020-03-08,76.4798129260688
Poland,2021-09-15,2895223,0,75454,2819769,2.6061550353806946,768.0,2020-03-04,560,37846,2020-03-08,76.50010569148655
Poland,2021-09-16,2895947,0,75464,2820483,2.605848794884713,724.0,2020-03-04,561,37846,2020-03-08,76.51923585055223
Poland,2021-09-17,2896599,0,75473,2821126,2.605572949517693,652.0,2020-03-04,562,37846,2020-03-08,76.53646356286
Poland,2021-09-18,2897395,0,75487,2821908,2.6053403143168263,796.0,2020-03-04,563,37846,2020-03-08,76.55749616868361
Poland,2021-09-19,2897935,0,75488,2822447,2.6048893436188183,540.0,2020-03-04,564,37846,2020-03-08,76.57176451936796
Poland,2021-09-20,2898299,0,75488,2822811,2.6045621932036687,364.0,2020-03-04,565,37846,2020-03-08,76.58138244464408
Poland,2021-09-21,2899008,0,75503,2823505,2.6044426231317748,709.0,2020-03-04,566,37846,2020-03-08,76.6001162606352
Poland,2021-09-22,2899888,0,75523,2824365,2.6043419607929685,880.0,2020-03-04,567,37846,2020-03-08,76.62336838767638
Poland,2021-09-23,2900862,0,75537,2825325,2.6039501362008948,974.0,2020-03-04,568,37846,2020-03-08,76.64910426465148
Poland,2021-09-24,2901674,0,75551,2826123,2.603703930903334,812.0,2020-03-04,569,37846,2020-03-08,76.67055963642129
Poland,2021-09-25,2902591,0,75571,2827020,2.6035703962425294,917.0,2020-03-04,570,37846,2020-03-08,76.69478940971305
Poland,2021-09-26,2903234,0,75572,2827662,2.6030282092314985,643.0,2020-03-04,571,37846,2020-03-08,76.71177931617608
Poland,2021-09-27,2903655,0,75572,2828083,2.6026507970127306,421.0,2020-03-04,572,37846,2020-03-08,76.72290334513555
Poland,2021-09-28,2904631,0,75601,2829030,2.6027746725831955,976.0,2020-03-04,573,37846,2020-03-08,76.74869206785394
Poland,2021-09-29,2905866,0,75623,2830243,2.602425576403041,1235.0,2020-03-04,574,37846,2020-03-08,76.78132431432648
Poland,2021-09-30,2907071,0,75650,2831421,2.6022756238151734,1205.0,2020-03-04,575,37846,2020-03-08,76.8131638746499
Poland,2021-10-01,2908432,0,75666,2832766,2.60160801421522,1361.0,2020-03-04,576,37846,2020-03-08,76.84912540294879
Poland,2021-10-02,2909776,0,75689,2834087,2.601196793155212,1344.0,2020-03-04,577,37846,2020-03-08,76.88463774242985
Poland,2021-10-03,2910866,0,75695,2835171,2.6004288758053447,1090.0,2020-03-04,578,37846,2020-03-08,76.91343867251493
Poland,2021-10-04,2911549,0,75695,2835854,2.5998188593082237,683.0,2020-03-04,579,37846,2020-03-08,76.93148549384347
Poland,2021-10-05,2912876,0,75741,2837135,2.600213671986037,1327.0,2020-03-04,580,37846,2020-03-08,76.96654864450669
Poland,2021-10-06,2914962,0,75774,2839188,2.599485001862803,2086.0,2020-03-04,581,37846,2020-03-08,77.02166675474291
Poland,2021-10-07,2916969,0,75803,2841166,2.5986906271544195,2007.0,2020-03-04,582,37846,2020-03-08,77.07469745811974
Poland,2021-10-08,2918863,0,75834,2843029,2.598066438883908,1894.0,2020-03-04,583,37846,2020-03-08,77.12474237700154
Poland,2021-10-09,2920874,0,75864,2845010,2.597304779322901,2011.0,2020-03-04,584,37846,2020-03-08,77.17787877186493
Poland,2021-10-10,2922401,0,75869,2846532,2.5961187393516494,1527.0,2020-03-04,585,37846,2020-03-08,77.21822649685568
Poland,2021-10-11,2923304,0,75869,2847435,2.5953168059154983,903.0,2020-03-04,586,37846,2020-03-08,77.24208634994451
Poland,2021-10-12,2925425,0,75918,2849507,2.595110112205919,2121.0,2020-03-04,587,37846,2020-03-08,77.29812926068806
Poland,2021-10-13,2928065,0,75958,2852107,2.5941364006605045,2640.0,2020-03-04,588,37846,2020-03-08,77.36788564181155
Poland,2021-10-14,2931064,0,76018,2855046,2.593529175753242,2999.0,2020-03-04,589,37846,2020-03-08,77.44712783385299
Poland,2021-10-15,2933834,0,76067,2857767,2.592750646423758,2770.0,2020-03-04,590,37846,2020-03-08,77.52031918828938
Poland,2021-10-16,2937069,0,76111,2860958,2.5913929839578165,3235.0,2020-03-04,591,37846,2020-03-08,77.6057971780373
Poland,2021-10-17,2939590,0,76112,2863478,2.5892046169703935,2521.0,2020-03-04,592,37846,2020-03-08,77.67240923743593
Poland,2021-10-18,2941126,0,76115,2865011,2.5879544092976636,1536.0,2020-03-04,593,37846,2020-03-08,77.71299476827141
Poland,2021-10-19,2945056,0,76179,2868877,2.5866740734301827,3930.0,2020-03-04,594,37846,2020-03-08,77.81683665380754
Poland,2021-10-20,2950616,0,76254,2874362,2.5843417103411626,5560.0,2020-03-04,595,37846,2020-03-08,77.96374782011308
Poland,2021-10-21,2956207,0,76300,2879907,2.581010057820714,5591.0,2020-03-04,596,37846,2020-03-08,78.11147809543941
Poland,2021-10-22,2961923,0,76359,2885564,2.578021103181953,5716.0,2020-03-04,597,37846,2020-03-08,78.26251122972045
Poland,2021-10-23,2968200,0,76434,2891766,2.575096017788559,6277.0,2020-03-04,598,37846,2020-03-08,78.42836759499022
Poland,2021-10-24,2972927,0,76447,2896480,2.5714388547044713,4727.0,2020-03-04,599,37846,2020-03-08,78.55326850922158
Poland,2021-10-25,2975880,0,76447,2899433,2.568887186311276,2953.0,2020-03-04,600,37846,2020-03-08,78.63129524916768
Poland,2021-10-26,2982143,0,76540,2905603,2.566610655491705,6263.0,2020-03-04,601,37846,2020-03-08,78.79678169423453
Poland,2021-10-27,2990509,0,76672,2913837,2.563844482661647,8366.0,2020-03-04,602,37846,2020-03-08,79.01783543835543
Poland,2021-10-28,2998891,0,76773,2922118,2.5600463638058204,8382.0,2020-03-04,603,37846,2020-03-08,79.23931194842255
Poland,2021-10-29,3008294,0,76875,2931419,2.555435073832544,9403.0,2020-03-04,604,37846,2020-03-08,79.48776621043174
Poland,2021-10-30,3018100,0,76990,2941110,2.550942646035585,9806.0,2020-03-04,605,37846,2020-03-08,79.74686888971094
Poland,2021-10-31,3025247,0,76999,2948248,2.545213663545489,7147.0,2020-03-04,606,37846,2020-03-08,79.9357131533055
Poland,2021-11-01,3030151,0,77012,2953139,2.541523508234408,4904.0,2020-03-04,607,37846,2020-03-08,80.06529091581673
Poland,2021-11-02,3034668,0,77021,2957647,2.538037109825523,4517.0,2020-03-04,608,37846,2020-03-08,80.18464302700417
Poland,2021-11-03,3045102,0,77145,2967957,2.533412673861171,10434.0,2020-03-04,609,37846,2020-03-08,80.46033926967183
Poland,2021-11-04,3060613,0,77395,2983218,2.5287417912686116,15511.0,2020-03-04,610,37846,2020-03-08,80.87018443164403
Poland,2021-11-05,3076518,0,77547,2998971,2.5206093382193764,15905.0,2020-03-04,611,37846,2020-03-08,81.29044020504148
Poland,2021-11-06,3091713,0,77733,3013980,2.5142372529403603,15195.0,2020-03-04,612,37846,2020-03-08,81.69193573957618
Poland,2021-11-07,3104220,0,77757,3026463,2.504880453060672,12507.0,2020-03-04,613,37846,2020-03-08,82.02240659514877
Poland,2021-11-08,3111534,0,77760,3033774,2.499088873848076,7314.0,2020-03-04,614,37846,2020-03-08,82.21566347830682
Poland,2021-11-09,3125179,0,77980,3047199,2.4952170739660033,13645.0,2020-03-04,615,37846,2020-03-08,82.5762035618031
Poland,2021-11-10,3143725,0,78250,3065475,2.489085400281513,18546.0,2020-03-04,616,37846,2020-03-08,83.0662421391957
Poland,2021-11-11,3162804,0,78524,3084280,2.4827336755613056,19079.0,2020-03-04,617,37846,2020-03-08,83.57036410717117
Poland,2021-11-12,3175769,0,78555,3097214,2.4735741170091403,12965.0,2020-03-04,618,37846,2020-03-08,83.91293663795382
Poland,2021-11-13,3190067,0,78821,3111246,2.470825847858368,14298.0,2020-03-04,619,37846,2020-03-08,84.2907308566295
Poland,2021-11-14,3204515,0,78867,3125648,2.461121261719792,14448.0,2020-03-04,620,37846,2020-03-08,84.67248850605084
Poland,2021-11-15,3214023,0,78879,3135144,2.4542139244180894,9508.0,2020-03-04,621,37846,2020-03-08,84.92371716958199
Poland,2021-11-16,3230634,0,79161,3151473,2.4503239921328133,16611.0,2020-03-04,622,37846,2020-03-08,85.36262749035565
Poland,2021-11-17,3254875,0,79624,3175251,2.446299781097584,24241.0,2020-03-04,623,37846,2020-03-08,86.00314432172489
Poland,2021-11-18,3279787,0,79994,3199793,2.4389998496853607,24912.0,2020-03-04,624,37846,2020-03-08,86.66139089996301
Poland,2021-11-19,3303046,0,80399,3222647,2.4340865976435087,23259.0,2020-03-04,625,37846,2020-03-08,87.27596047138402
Poland,2021-11-20,3326464,0,80781,3245683,2.4284345178543942,23418.0,2020-03-04,626,37846,2020-03-08,87.89473127939544
Poland,2021-11-21,3345388,0,80822,3264566,2.415923055860785,18924.0,2020-03-04,627,37846,2020-03-08,88.39475770226709
Poland,2021-11-22,3357763,0,80830,3276933,2.407257450868331,12375.0,2020-03-04,628,37846,2020-03-08,88.7217407387835
Poland,2021-11-23,3377698,0,81228,3296470,2.404833114150525,19935.0,2020-03-04,629,37846,2020-03-08,89.24848068488083
Poland,2021-11-24,3406129,0,81688,3324441,2.3982650099276923,28431.0,2020-03-04,630,37846,2020-03-08,89.99970934841198
Poland,2021-11-25,3434272,0,82186,3352086,2.393112717921003,28143.0,2020-03-04,631,37846,2020-03-08,90.74332822491148
Poland,2021-11-26,3461066,0,82607,3378459,2.386750209328571,26794.0,2020-03-04,632,37846,2020-03-08,91.45130264757174
Poland,2021-11-27,3487254,0,82986,3404268,2.379694739757987,26188.0,2020-03-04,633,37846,2020-03-08,92.14326481001956
Poland,2021-11-28,3507828,0,83037,3424791,2.367191321809393,20574.0,2020-03-04,634,37846,2020-03-08,92.68688897109338
Poland,2021-11-29,3520961,0,83055,3437906,2.358873046307528,13133.0,2020-03-04,635,37846,2020-03-08,93.03390054431115
Poland,2021-11-30,3540061,0,83583,3456478,2.3610610099656473,19100.0,2020-03-04,636,37846,2020-03-08,93.53857739259102
Poland,2021-12-01,3569137,0,84153,3484984,2.357796856775181,29076.0,2020-03-04,637,37846,2020-03-08,94.3068488083285
Poland,2021-12-02,3596491,0,84656,3511835,2.3538499053660917,27354.0,2020-03-04,638,37846,2020-03-08,95.02962003910585
Poland,2021-12-03,3623452,0,85126,3538326,2.349306683240181,26961.0,2020-03-04,639,37846,2020-03-08,95.7420070813296
Poland,2021-12-04,3649027,0,85630,3563397,2.3466529570759547,25575.0,2020-03-04,640,37846,2020-03-08,96.41777202346351
Poland,2021-12-05,3671421,0,85675,3585746,2.3335651236946133,22394.0,2020-03-04,641,37846,2020-03-08,97.00948581091794
Poland,2021-12-06,3684671,0,85700,3598971,2.3258521588494605,13250.0,2020-03-04,642,37846,2020-03-08,97.35958886011731
Poland,2021-12-07,3704040,0,86205,3617835,2.327323679009946,19369.0,2020-03-04,643,37846,2020-03-08,97.87137346086773
Poland,2021-12-08,3732589,0,86796,3645793,2.325356475090078,28549.0,2020-03-04,644,37846,2020-03-08,98.62572002325213
Poland,2021-12-09,3760048,0,87357,3672691,2.3232948090024386,27459.0,2020-03-04,645,37846,2020-03-08,99.35126565555144
Poland,2021-12-10,3785036,0,87928,3697108,2.3230426342048003,24988.0,2020-03-04,646,37846,2020-03-08,100.01152037203403
Poland,2021-12-11,3808798,0,88414,3720384,2.321309767543461,23762.0,2020-03-04,647,37846,2020-03-08,100.63938064788881
Poland,2021-12-12,3828248,0,88479,3739769,2.311213902547588,19450.0,2020-03-04,648,37846,2020-03-08,101.15330550124187
Poland,2021-12-13,3839625,0,88508,3751117,2.3051209428004036,11377.0,2020-03-04,649,37846,2020-03-08,101.45391851186388
Poland,2021-12-14,3857085,0,89045,3768040,2.308608703204622,17460.0,2020-03-04,650,37846,2020-03-08,101.91526185065793
Poland,2021-12-15,3881349,0,89714,3791635,2.3114128618683867,24264.0,2020-03-04,651,37846,2020-03-08,102.55638640807483
Poland,2021-12-16,3903445,0,90306,3813139,2.313494874399409,22096.0,2020-03-04,652,37846,2020-03-08,103.14022617978122
Poland,2021-12-17,3923472,0,90872,3832600,2.316111851951537,20027.0,2020-03-04,653,37846,2020-03-08,103.66939703006923
Poland,2021-12-18,3942864,0,91415,3851449,2.318492344650995,19392.0,2020-03-04,654,37846,2020-03-08,104.1817893568673
Poland,2021-12-19,3958840,0,91485,3867355,2.3109042042618544,15976.0,2020-03-04,655,37846,2020-03-08,104.60392115415104
Poland,2021-12-20,3968450,0,91514,3876936,2.306038881679245,9610.0,2020-03-04,656,37846,2020-03-08,104.85784495058923
Poland,2021-12-21,3982257,0,92052,3890205,2.311553473319276,13807.0,2020-03-04,657,37846,2020-03-08,105.22266553929082
Poland,2021-12-22,4000270,0,92829,3907441,2.3205683616355897,18013.0,2020-03-04,658,37846,2020-03-08,105.69862072610051
Poland,2021-12-23,4017420,0,93445,3923975,2.3259952905098293,17150.0,2020-03-04,659,37846,2020-03-08,106.15177297468689
Poland,2021-12-24,4032796,0,94041,3938755,2.331905705123691,15376.0,2020-03-04,660,37846,2020-03-08,106.558051048988
Poland,2021-12-25,4043585,0,94311,3949274,2.3323610113302924,10789.0,2020-03-04,661,37846,2020-03-08,106.84312741108704
Poland,2021-12-26,4049838,0,94327,3955511,2.3291548945908453,6253.0,2020-03-04,662,37846,2020-03-08,107.00834962743751
Poland,2021-12-27,4054865,0,94365,3960500,2.3272044815302113,5027.0,2020-03-04,663,37846,2020-03-08,107.14117740316017
Poland,2021-12-28,4064715,0,94914,3969801,2.335071462574867,9850.0,2020-03-04,664,37846,2020-03-08,107.40144268879142
Poland,2021-12-29,4080282,0,95707,3984575,2.3455976817288606,15567.0,2020-03-04,665,37846,2020-03-08,107.81276753157533
Poland,2021-12-30,4094608,0,96415,3998193,2.3546820599188005,14326.0,2020-03-04,666,37846,2020-03-08,108.19130159065688
Poland,2021-12-31,4108215,0,97054,4011161,2.3624372142159062,13607.0,2020-03-04,667,37846,2020-03-08,108.55083760503092
Poland,2022-01-01,4120248,0,97559,4022689,2.3677943657760405,12033.0,2020-03-04,668,37846,2020-03-08,108.86878401944723
Poland,2022-01-02,4127428,0,97592,4029836,2.364474922397193,7180.0,2020-03-04,669,37846,2020-03-08,109.05850023780584
Poland,2022-01-03,4133851,0,97601,4036250,2.361018817562607,6423.0,2020-03-04,670,37846,2020-03-08,109.22821434233472
Poland,2022-01-04,4145518,0,98034,4047484,2.3648190648309813,11667.0,2020-03-04,671,37846,2020-03-08,109.53648998573165
Poland,2022-01-05,4162715,0,98666,4064049,2.3702319279604778,17197.0,2020-03-04,672,37846,2020-03-08,109.99088410928499
Poland,2022-01-06,4179292,0,99311,4079981,2.376263730794594,16577.0,2020-03-04,673,37846,2020-03-08,110.42889605242297
Poland,2022-01-07,4191193,0,99428,4091765,2.372307836933303,11901.0,2020-03-04,674,37846,2020-03-08,110.74335464778312
Poland,2022-01-08,4202090,0,99720,4102370,2.373104812129202,10897.0,2020-03-04,675,37846,2020-03-08,111.03128468001903
Poland,2022-01-09,4213197,0,99742,4113455,2.3673709062263173,11107.0,2020-03-04,676,37846,2020-03-08,111.32476351529884
Poland,2022-01-10,4220984,0,99761,4121223,2.3634536401938506,7787.0,2020-03-04,677,37846,2020-03-08,111.53051841674153
Poland,2022-01-11,4232386,0,100254,4132132,2.368734798763629,11402.0,2020-03-04,678,37846,2020-03-08,111.83179199915446
Poland,2022-01-12,4248559,0,100938,4147621,2.3758173065267543,16173.0,2020-03-04,679,37846,2020-03-08,112.25912910215082
Poland,2022-01-13,4265433,0,101419,4164014,2.377695300805334,16874.0,2020-03-04,680,37846,2020-03-08,112.70498863816519
Poland,2022-01-14,4281482,0,101841,4179641,2.378638985285936,16049.0,2020-03-04,681,37846,2020-03-08,113.12904930507848
Poland,2022-01-15,4298375,0,102270,4196105,2.3792712362229915,16893.0,2020-03-04,682,37846,2020-03-08,113.57541087565397
Poland,2022-01-16,4313036,0,102305,4210731,2.3719950401526906,14661.0,2020-03-04,683,37846,2020-03-08,113.96279659673414
Poland,2022-01-17,4323482,0,102309,4221173,2.366356561678758,10446.0,2020-03-04,684,37846,2020-03-08,114.23880991386145
Poland,2022-01-18,4343130,0,102686,4240444,2.3643317146850316,19648.0,2020-03-04,685,37846,2020-03-08,114.75796649579877
Poland,2022-01-19,4373718,0,103062,4270656,2.3563933477192633,30588.0,2020-03-04,686,37846,2020-03-08,115.56618929345241
Poland,2022-01-20,4406553,0,103378,4303175,2.346006050534284,32835.0,2020-03-04,687,37846,2020-03-08,116.43378428367595
Poland,2022-01-21,4443217,0,103626,4339591,2.332229103372624,36664.0,2020-03-04,688,37846,2020-03-08,117.4025524494002
Poland,2022-01-22,4484095,0,103819,4380276,2.315272089462868,40878.0,2020-03-04,689,37846,2020-03-08,118.48266659620568
Poland,2022-01-23,4518218,0,103844,4414374,2.2983397436777064,34123.0,2020-03-04,690,37846,2020-03-08,119.38429424509856
Poland,2022-01-24,4547315,0,103846,4443469,2.2836772908848406,29097.0,2020-03-04,691,37846,2020-03-08,120.15312054114041
Poland,2022-01-25,4584360,0,104097,4480263,2.2706986362327566,37045.0,2020-03-04,692,37846,2020-03-08,121.13195582095862
Poland,2022-01-26,4637776,0,104373,4533403,2.250496789840648,53416.0,2020-03-04,693,37846,2020-03-08,122.54335993235745
Poland,2022-01-27,4695435,0,104636,4590799,2.22846232564182,57659.0,2020-03-04,694,37846,2020-03-08,124.066876288115
Poland,2022-01-28,4752700,0,104907,4647793,2.2073137374544993,57265.0,2020-03-04,695,37846,2020-03-08,125.57998203244729
Poland,2022-01-29,4804390,0,105138,4699252,2.1883735500240404,51690.0,2020-03-04,696,37846,2020-03-08,126.94578026739946
Poland,2022-01-30,4852677,0,105161,4747516,2.16707190690829,48287.0,2020-03-04,697,37846,2020-03-08,128.22166147016858
Poland,2022-01-31,4886154,0,105194,4780960,2.152899806268898,33477.0,2020-03-04,698,37846,2020-03-08,129.10621994398352
Poland,2022-02-01,4925270,0,105434,4819836,2.1406745213967966,39116.0,2020-03-04,699,37846,2020-03-08,130.13977699096338
Poland,2022-02-02,4981321,0,105753,4875568,2.1229910700394536,56051.0,2020-03-04,700,37846,2020-03-08,131.6208053691275
Poland,2022-02-03,5035796,0,106060,4929736,2.1061218524340544,54475.0,2020-03-04,701,37846,2020-03-08,133.06019130159066
Poland,2022-02-04,5083332,0,106306,4977026,2.0912661222993107,47536.0,2020-03-04,702,37846,2020-03-08,134.31622892775988
Poland,2022-02-05,5129080,0,106578,5022502,2.07791650744383,45748.0,2020-03-04,703,37846,2020-03-08,135.5250224594409
Poland,2022-02-06,5163780,0,106597,5057183,2.064321098110299,34700.0,2020-03-04,704,37846,2020-03-08,136.4418961052687
Poland,2022-02-07,5188184,0,106607,5081577,2.054803761778688,24404.0,2020-03-04,705,37846,2020-03-08,137.0867198647149
Poland,2022-02-08,5223507,0,106894,5116613,2.0464029243188535,35323.0,2020-03-04,706,37846,2020-03-08,138.020054959573
Poland,2022-02-09,5270363,0,107204,5163159,2.034091389909955,46856.0,2020-03-04,707,37846,2020-03-08,139.2581250330286
Poland,2022-02-10,5312450,0,107466,5204984,2.0229084509030675,42087.0,2020-03-04,708,37846,2020-03-08,140.37018443164402
Poland,2022-02-11,5348224,0,107757,5240467,2.0148183770911614,35774.0,2020-03-04,709,37846,2020-03-08,141.31543624161074
Poland,2022-02-12,5379551,0,108089,5271462,2.0092569063849384,31327.0,2020-03-04,710,37846,2020-03-08,142.14318554140465
Poland,2022-02-13,5401615,0,108120,5293495,2.0016235885008467,22064.0,2020-03-04,711,37846,2020-03-08,142.72617978121863
Poland,2022-02-14,5415088,0,108137,5306951,1.996957390166143,13473.0,2020-03-04,712,37846,2020-03-08,143.08217513079322
Poland,2022-02-15,5437343,0,108515,5328828,1.9957357849228936,22255.0,2020-03-04,713,37846,2020-03-08,143.67021613909
Poland,2022-02-16,5466198,0,108887,5357311,1.9920061439413648,28855.0,2020-03-04,714,37846,2020-03-08,144.43264810019554
Poland,2022-02-17,5495432,0,109205,5386227,1.9871959110766908,29234.0,2020-03-04,715,37846,2020-03-08,145.20509432965176
Poland,2022-02-18,5519411,0,109509,5409902,1.9840704017149657,23979.0,2020-03-04,716,37846,2020-03-08,145.8386883686519
Poland,2022-02-19,5540302,0,109792,5430510,1.9816970266241802,20891.0,2020-03-04,717,37846,2020-03-08,146.3906885800349
Poland,2022-02-20,5553989,0,109817,5444172,1.9772635487754837,13687.0,2020-03-04,718,37846,2020-03-08,146.75233842413994
Poland,2022-02-21,5563446,0,109833,5453613,1.974190097288623,9457.0,2020-03-04,719,37846,2020-03-08,147.00221952121757
Poland,2022-02-22,5582217,0,110157,5472060,1.9733557473670407,18771.0,2020-03-04,720,37846,2020-03-08,147.49820324472864
Poland,2022-02-23,5602680,0,110517,5492163,1.9725738396624473,20463.0,2020-03-04,721,37846,2020-03-08,148.03889446705068
Poland,2022-02-24,5620946,0,110858,5510088,1.972230297177735,18266.0,2020-03-04,722,37846,2020-03-08,148.52153464038471
Poland,2022-02-25,5637646,0,111056,5526590,1.9699002030280015,16700.0,2020-03-04,723,37846,2020-03-08,148.96279659673414
Poland,2022-02-26,5651596,0,111277,5540319,1.9689482404616325,13950.0,2020-03-04,724,37846,2020-03-08,149.3313956560799
Poland,2022-02-27,5660493,0,111316,5549177,1.966542490203592,8897.0,2020-03-04,725,37846,2020-03-08,149.5664799450404
Poland,2022-02-28,5667054,0,111317,5555737,1.9642833825123245,6561.0,2020-03-04,726,37846,2020-03-08,149.73984040585532
Poland,2022-03-01,5680034,0,111586,5568448,1.9645304940076065,12980.0,2020-03-04,727,37846,2020-03-08,150.0828092797125
Poland,2022-03-02,5694767,0,111864,5582903,1.9643297083094005,14733.0,2020-03-04,728,37846,2020-03-08,150.4720974475506
Poland,2022-03-03,5708827,0,112130,5596697,1.9641513046375376,14060.0,2020-03-04,729,37846,2020-03-08,150.8436030227765
Poland,2022-03-04,5721316,0,112336,5608980,1.9634643498104283,12489.0,2020-03-04,730,37846,2020-03-08,151.1735982666596
Poland,2022-03-05,5734041,0,112535,5621506,1.9625775260414078,12725.0,2020-03-04,731,37846,2020-03-08,151.5098293082492
Poland,2022-03-06,5741739,0,112545,5629194,1.9601204443462164,7698.0,2020-03-04,732,37846,2020-03-08,151.71323257411615
Poland,2022-03-07,5747322,0,112551,5634771,1.9583207622611016,5583.0,2020-03-04,733,37846,2020-03-08,151.86075146646937
Poland,2022-03-08,5760498,0,112768,5647730,1.9576085262072829,13176.0,2020-03-04,734,37846,2020-03-08,152.20889922316758
Poland,2022-03-09,5774938,0,113002,5661936,1.9567655964444985,14440.0,2020-03-04,735,37846,2020-03-08,152.5904454896158
Poland,2022-03-10,5788363,0,113186,5675177,1.9554060448524047,13425.0,2020-03-04,736,37846,2020-03-08,152.94517254135178
Poland,2022-03-11,5799996,0,113307,5686689,1.953570312807112,11633.0,2020-03-04,737,37846,2020-03-08,153.25254980711304
Poland,2022-03-12,5811109,0,113434,5697675,1.952019829605674,11113.0,2020-03-04,738,37846,2020-03-08,153.54618717962268
Poland,2022-03-13,5818687,0,113443,5705244,1.9496322795847243,7578.0,2020-03-04,739,37846,2020-03-08,153.74641970089309
Poland,2022-03-14,5823982,0,113444,5710538,1.9478768993448126,5295.0,2020-03-04,740,37846,2020-03-08,153.88632880621466
Poland,2022-03-15,5836672,0,113622,5723050,1.9466915392881423,12690.0,2020-03-04,741,37846,2020-03-08,154.22163504729693
Poland,2022-03-16,5851147,0,113773,5737374,1.94445636043668,14475.0,2020-03-04,742,37846,2020-03-08,154.6041061142525
Poland,2022-03-17,5863414,0,113980,5749434,1.943918679458759,12267.0,2020-03-04,743,37846,2020-03-08,154.92823548063203
Poland,2022-03-18,5875072,0,114087,5760985,1.9418825845878995,11658.0,2020-03-04,744,37846,2020-03-08,155.23627331818423
Poland,2022-03-19,5885446,0,114206,5771240,1.9404816559356761,10374.0,2020-03-04,745,37846,2020-03-08,155.51038418855362
Poland,2022-03-20,5891140,0,114218,5776922,1.938809805911929,5694.0,2020-03-04,746,37846,2020-03-08,155.6608360196586
Poland,2022-03-21,5895304,0,114221,5781083,1.9374912642333628,4164.0,2020-03-04,747,37846,2020-03-08,155.77086085715794
Poland,2022-03-22,5905463,0,114355,5791108,1.9364273385507624,10159.0,2020-03-04,748,37846,2020-03-08,156.03929081012524
Poland,2022-03-23,5915888,0,114480,5801408,1.9351279131721224,10425.0,2020-03-04,749,37846,2020-03-08,156.31474924694817
Poland,2022-03-24,5924876,0,114626,5810250,1.9346565227694217,8988.0,2020-03-04,750,37846,2020-03-08,156.55223801722772
Poland,2022-03-25,5933107,0,114736,5818371,1.9338265768677354,8231.0,2020-03-04,751,37846,2020-03-08,156.76972467367753
Poland,2022-03-26,5939735,0,114821,5824914,1.9330997089937514,6628.0,2020-03-04,752,37846,2020-03-08,156.94485546689214
Poland,2022-03-27,5943227,0,114828,5828399,1.9320816788589767,3492.0,2020-03-04,753,37846,2020-03-08,157.03712413465095
Poland,2022-03-28,5945594,0,114829,5830765,1.9313293171380352,2367.0,2020-03-04,754,37846,2020-03-08,157.09966707181738
Poland,2022-03-29,5952200,0,114939,5837261,1.9310339034306643,6606.0,2020-03-04,755,37846,2020-03-08,157.27421656185595
Poland,2022-03-30,5957940,0,115040,5842900,1.930868723082139,5740.0,2020-03-04,756,37846,2020-03-08,157.4258838450563
Poland,2022-03-31,5962931,0,115173,5847758,1.9314830240363339,4991.0,2020-03-04,757,37846,2020-03-08,157.5577603974
Poland,2022-04-01,5966970,0,115247,5851723,1.9314157771867464,4039.0,2020-03-04,758,37846,2020-03-08,157.66448237594463
Poland,2022-04-02,5969071,0,115343,5853728,1.9323442458633848,2101.0,2020-03-04,759,37846,2020-03-08,157.7199968292554
